{"version":50,"hash":{"type":"Buffer","data":"YlFjP6UkLsCVcj2KeqkVlW6msFI43CyJ78fRVd3CLdcSoI+4vMsNCZBluN64vSeX0fuyXBHLXzGzWZGlLINIbSm6Fa2Y5D4XcgSoCyTBfxVDJhqzC5GbjtjB9YNojObLfv7bHfpZmCmem9o3kfS8IfSElpZGwwFS5MBCdI3fMHQ="},"indexValueMap":{"ATKzGfBZ4BJep4qMhHTGx+yzFkBxZSKUK1Ps+2h2vGs=":{"valueMac":{"type":"Buffer","data":"NLv3DwRuwIfpeCTiBAk6r2g3YS+lg4k0owSSBLFTrNA="}},"AiizOiK8Xq0M7z0vbpyQkBj6s+jeA1GlLUJO8e4b+Hg=":{"valueMac":{"type":"Buffer","data":"ttdNyc2eYvW2G53wII2kvgSt6ccPDUYOTWNxySIk16s="}},"AxUzo5lu6l21zPOSp0L5cZFT7EGSDzH4cMpZTwkp7Tw=":{"valueMac":{"type":"Buffer","data":"pIKWMW5+NpDxckZmQvzgwGkpFOqsi83Ip07pkDcbKMk="}},"A2asY4XUxuKWJierzPV3UaIhiKrI4dZloX435s2+zBg=":{"valueMac":{"type":"Buffer","data":"3beBokpy+t9g2u5OdPGpn65Yw70kdNtDcBeWOL90Y4k="}},"BFNV4O8hFL5NbSV9omNtjpHTN9yhTZEl5LdtQ5N9Lxw=":{"valueMac":{"type":"Buffer","data":"b7PRTRCaXtWMdZ8pWOz1ne7aZ7UsWRcr92pCtVn3nk4="}},"BsjWB/yPxfHFKEcuttRsKYgH6ePN/0h98zCryRu530U=":{"valueMac":{"type":"Buffer","data":"rCR/Ig2gBMNQfCO6pmRGfrJeD3cxv7RTg2wa8HnljQc="}},"CDKYxVZmkSwIzhxMZAgMfHKzwUtNLdiaG+QGIajGYrc=":{"valueMac":{"type":"Buffer","data":"wOKtdZWWPGjxTRrannj/94FV10jTIPU3qoMGA0QYafM="}},"CD58kPSfh/Mb2ufcktBVLyOXGmPpsgY5SJ1keCSZOCA=":{"valueMac":{"type":"Buffer","data":"+9yCdDtt/EJ6nhOcMjwxsEV6E7LF6DGwbIc/W2acZGM="}},"CKRxc0bjLjgagKXs5E44sSmFiP3K7jU1R30XeQ2ztS0=":{"valueMac":{"type":"Buffer","data":"Z+es6sdVA6l5B/e/KSrWxyci/tfa8bKvpINgxofjL50="}},"CsDoIae3YP1Fgy/2whVvp+F0y54okoLrPAXsDZ+rwqc=":{"valueMac":{"type":"Buffer","data":"TkJvFqhJOYy3gzHlnHqMvAuoZ3zU2Uk7DP47DuYIxIM="}},"DD8Ij+4cTzvFwf6WHxAZmhXks5yxTzAT7V6LWX2b80M=":{"valueMac":{"type":"Buffer","data":"i0t35zpy9HbP2/N2qeMKUBSqObPx6/zUd+2vmkQe3X0="}},"DaQCSgtIYiufGENUBewQnzSu+mmPYpjGgmtvKw5Z1q8=":{"valueMac":{"type":"Buffer","data":"oBtl8emUuQ76bSdE/XgmYd49QHMi7UsSsH6dG7W8uKY="}},"DvhbUKrrnwAgiPSBWXw3ShTSP5HeFTuTClQvshmR4vk=":{"valueMac":{"type":"Buffer","data":"GmUAYdekCdlDljEvbrFxjEJrDq62NcrJKWMeE0QY2Gs="}},"D6H1ThhIeEhut4Ju32nLBEE5s+iXhOSnCbgIVaVUEnw=":{"valueMac":{"type":"Buffer","data":"Ao+Vzu0mfiJMXT5oDh5wqSzpzPFy6CWv9jUdpDg7xD4="}},"EBJ1ZZ+Na24XTjjux3p7Rde7BwX0uKfHvC9BTYALALs=":{"valueMac":{"type":"Buffer","data":"ul5paMIm/VLnVq8v7TofglwctlNS6qR29zhy1KiGkWM="}},"EFb2gqKiX4jaZp83leiQ5ayCorOCxf5MGGeU2LBK3UU=":{"valueMac":{"type":"Buffer","data":"SZ5ZmooWXUERRJnnxMWd+sUuKpRypz74jPT3D0GKuds="}},"EOdEqQ6XXYMldIyLaggZ++gvMtc0bezyKLHnSPIv3iY=":{"valueMac":{"type":"Buffer","data":"nC2qIMdNai4OFvnYB48CTghCn5PM9qq0z14JEJAgcNI="}},"ElmJARYvz5THeLE/RcyOFgg3yZLoe1QZir5Zlmgyp5o=":{"valueMac":{"type":"Buffer","data":"T+0cZhkLAXPgQSWNkemtoZSJnAfaIkl+2u9aqlhuECQ="}},"EqICFkFRlkcvp+c/bR+jCDvNqooeyXdxgrKEJ2oHsjw=":{"valueMac":{"type":"Buffer","data":"ZCD7f3u8cYNHE/hreFQ7kj7ZWfF8IFuwMxxgIwpQCTg="}},"ExUZvlGVcW1BVbqe9gDvxVcC5/clLbTWUsHtbeINvwc=":{"valueMac":{"type":"Buffer","data":"xgZRkmDwcIc+XZmYOcgmgFcYfF1De+eme+sJlj32AME="}},"E18LDwhWxeytFsCqfQeqH/Rfr0jNq4IYPhVZxNQtxNU=":{"valueMac":{"type":"Buffer","data":"Eag3b9iFybemTSqDswUsHfwj36Qp8R0DnQwdzpXzUsA="}},"FgVOexKQ1ACZ5wljkSuXZ0Fns26ejepoE9PrqTDTOoc=":{"valueMac":{"type":"Buffer","data":"1IX1bbEEoE5rJXn0wS1Q7el1FUMrRSEUIxpSdbYubSk="}},"FrUITsYC1E9FyQ1BNuVhkR2xPLpzgfZio3L2TlO83vs=":{"valueMac":{"type":"Buffer","data":"AeGDsXoAtAu/mGwLg7Et53onsdQzSRYpcep/76YeFLc="}},"F0K7ovsJOQScE5ggAdi/nAdDXCtvXkJlA054SXkNUfc=":{"valueMac":{"type":"Buffer","data":"ZEeR3Zqzw7sr4ocJjVB7E2BIphV+tAdpOPPJJdRS684="}},"GArgTEuBFTuXgRrnJzUod3FDHQm8aDrnlxbhAAnFAcE=":{"valueMac":{"type":"Buffer","data":"hMxkzYlzNZQhQz2WVIl84l8i9DSONSuKOlKDUF6gP2g="}},"GU+7oXlLtlBSjoMojmW2Y1TuQ9WUZvTn9fKJ1mfsxmo=":{"valueMac":{"type":"Buffer","data":"sFwxzWSA1zqZU37qYSjanqygfWxB6E5nOexxnQf+DBQ="}},"Gl6CO31gTJZ3ckZSbf/X54D2/Trcardnt3cS3GbNobg=":{"valueMac":{"type":"Buffer","data":"3vy8wCiVP1Hm7CNkUPcC4lHBXGbCwY7R+4eH7Zu0HOs="}},"Gz2mdYOa5C+mASppFLIQOAyxf6ZtssK8LBXvYD/AJ68=":{"valueMac":{"type":"Buffer","data":"+VoRH6hFFI1GsPWYkOQEbVRiGeVRBlPD8wRVDy1hyZ4="}},"G6iP1QSx1bvqsR0BLiCe3ifQqAcfF1iy5oco7thgoOc=":{"valueMac":{"type":"Buffer","data":"K2j2AynumUe3jlE+ti3eCJH5jGgTI6y3/Hip3w6FhxU="}},"G9/GqkasEbVY0Z+K7OAPk8fmf8jF1pkmx2G6ljSXwcg=":{"valueMac":{"type":"Buffer","data":"LzqPSkuba7ogWp4AscC4QEfyGmz88fmqpMlsgfQ9Z0s="}},"HSfYmhCISpU/z9th08lToqzldKkD5amW9BKjliVCIi8=":{"valueMac":{"type":"Buffer","data":"q7i9nJmXRp3tPN0kWIoiS1F2JWYGb4HTydsDllBTscE="}},"HnIC7QdiRGHEUz2VvPd5617MsHUwN/ab1pQuMSicwtk=":{"valueMac":{"type":"Buffer","data":"asT0s2VFfPjxxgJOtt28OMVMbxUKbktQqae1+wTWVi4="}},"HuZY6zcnM1ZKhTRi9jPMNz0Qc63XS4zslHEMBUAwjVI=":{"valueMac":{"type":"Buffer","data":"gc9XjsiZm0iegmw0tDc4uAoZN4uSRZK8j1IWckFkhjs="}},"H9rD5J+RCr345mEqzMT6oeEO37ZZosLu68FlBdh2/1Q=":{"valueMac":{"type":"Buffer","data":"Tlk3UmgSA+9VbRP9tcY8jyqzmpWcKZztCAhMRfYlva8="}},"IBawnJuXQFHZk9O5cMJVu4M1Ily2FsXK41RAKzRB/7M=":{"valueMac":{"type":"Buffer","data":"nki8wfOm1OEUahUhk3XvHA3mAeBF0qstKg+HO+ZizMk="}},"IUjh9OQBQ5Djz4Rm86G9DNIo48EFsJsWx2DdoqquYMg=":{"valueMac":{"type":"Buffer","data":"iiD8lH6tP0ctGc5DIzEBamG47IPHrqySmOhPVdREakE="}},"IZ9Hih6ZL+7Ht4eGDNVdU1NkB8jIgCfIC53ogn0CBEk=":{"valueMac":{"type":"Buffer","data":"HBIFsUBSeRBuCz8Pf7wRq/LHH0MoPpgSiGg8d4qey1w="}},"IqMNIryJMySUqPbjVD7GKMc6TV3qKZZ387ilJ1HO16c=":{"valueMac":{"type":"Buffer","data":"bhO3pwhTHiXeMNnZVyQI5wc+7TU4vqdk24/by40jYLQ="}},"I+okljBDa50aqijgqUr56vOSS9tomkfFTnvVbh4LPp0=":{"valueMac":{"type":"Buffer","data":"fLGDCBuolqw0ODBgtqLqkPqxqZNV7MbIiV711j73cyE="}},"JGOuWGQGQ3+B15Mc3ul+ax1nbEKXn4DyvbRQvfmnS3A=":{"valueMac":{"type":"Buffer","data":"jU6HRHO3UjdvGxHResPVyK/qkr4T6UYT5spYC5Q7eL4="}},"JQNqRhckFRivc0bI3jG1jyMZin7M/BDwON0QmTe5RQ0=":{"valueMac":{"type":"Buffer","data":"UOzazOMAplg/nHVC9L2guOxqn8h0uGedDbB+vC8yGHY="}},"JsAFYItMOYOW8GWDWqCprzUgUHiZXj4TZtrqAeiJkb0=":{"valueMac":{"type":"Buffer","data":"wFMRj1vEcAu7tNedDf2JBZvbXFpOvas0Dcc7fgxZvvU="}},"JyfHOglo2Rz+LttlNvTGLectcU2ZBAxlZ9oBtqEil1Q=":{"valueMac":{"type":"Buffer","data":"BuJO9XpR3KrE6BtxQJSf+uLyZmu9LSUFCNibfMeeBb0="}},"J3tgLzuySxlFL/YYvrJeCKTcKTx9h2dccQ+Oz4psqac=":{"valueMac":{"type":"Buffer","data":"LRtfnqqKmTHJh/9vDgPqcEvDdPjs8c612sE3G140EzI="}},"J8CjfnJPw0zQC6IJuzGtQSkZosYALYI7PI+1fL70xXw=":{"valueMac":{"type":"Buffer","data":"bz3Dso4Mjj/g1aIxPDP5X+qzVYkj82lM8T1/60AYQHY="}},"KC1kF4YjAgJHmzTNXi9XsPWQz8tiYB0A5YBMOvLIQtg=":{"valueMac":{"type":"Buffer","data":"rp5SkYoIMCzhAolO/0PTRbgD8EsXeDgYILYmbh+mkug="}},"KiiEq9FvJaGA2HahwFhvzs6m4iPgFeX2uTg6kyjRlQ8=":{"valueMac":{"type":"Buffer","data":"i+UyfRdL7PcT0V+MRu+bacWbp8AwzSCbLzkDQfeh2Jg="}},"KqXDizNvYdCKT/FpglVkyS9s0u9Ke4gGo2BG1DgXu74=":{"valueMac":{"type":"Buffer","data":"prPcXTOfhx0DP73hMxOHZhF2N6Xo8avC4Pfz6sjlj+c="}},"KvP9O2Oe2EYWgcgHDrlSHVyE8SwRAyj+bX9GnZDfTTw=":{"valueMac":{"type":"Buffer","data":"CBSkS4n2IzEAl6o8ko95V0wvDsLauqixWJW+zLoojNU="}},"K6xZvRJV8M0jX+m7Vg+o2k9+dAXkx4zOljT4U2+Uvw8=":{"valueMac":{"type":"Buffer","data":"fTabPqf59OxHbJttrealTA4Ls/ZBaUw2qVG0Y4AZHiI="}},"LBR07u2kSfNmn7PkF9Xisur03epxc4vXV/pc3XYA7P8=":{"valueMac":{"type":"Buffer","data":"4fiQZXjoYSj6t7zMLiYdGpJD/MCd+DiAz2qE99albDY="}},"LGptMgqgqAjdSgc0C80ZsUqTxRwLDryYKU4mUkdBMnk=":{"valueMac":{"type":"Buffer","data":"2q71kQRS5I1DGbgpPqHPBKZbqNtBC3YPj2h88kdYecQ="}},"LGq9k0qUCI6p28acj7eV6yc7mrfdtKCou0mmWRabCFM=":{"valueMac":{"type":"Buffer","data":"UdEfk+FMfpt68zhLXXyPaYyBkGHZarzVJy3nXMgdvzI="}},"LTH5Vnk/rmVixXh5qHeaCUYQ0scCllV21/velfFy6Ks=":{"valueMac":{"type":"Buffer","data":"PB7kxK5Z21VlRX/ml4R0IAk7OHO0TxCXH/eEhH/BxxQ="}},"LcGlmMkt/uer+A5Y77XVoALzyeb1MwJ8sm/ZVnByLxs=":{"valueMac":{"type":"Buffer","data":"6vydSPpvTxWk/1wMzAsFTt85hKixQP5StHRrp2uArtM="}},"LjnVTvgiKBd1LxohjU/p+hCimU5pH9BW5IWHx8JpKbI=":{"valueMac":{"type":"Buffer","data":"J6SPy8z1HMANk6fX2hIOzvP8rNK9oydjFnh/BswqzMo="}},"Lu4dmp6596LbDkoUV0MUvLReDcZPcMM4u+oq7EqKJ6Q=":{"valueMac":{"type":"Buffer","data":"ii0KUGPEbJc73MNVcj0rOx5WaO7Ty6tdYXcau8N1Ly8="}},"L9q7qJEMVwJNv/Z2Y70SfJ6zlxMVaX2p7vH1k0vuxyo=":{"valueMac":{"type":"Buffer","data":"yYtZ7QC8WD9yrwTtonW1QCFC95WFsyVwEfc8pEvjTKE="}},"MFvypAYZGBEQJh58iMu8Q+9g68UJDo5rNtv2dlS8sSg=":{"valueMac":{"type":"Buffer","data":"rpRbGPHs2y3UBpgYPqXT6RJ3vE/FB8DrEHc6qPMubXg="}},"Mvx9JcYBmmsbUI7pNqIMMoHMpVRlni4+4VMrJrnriJ4=":{"valueMac":{"type":"Buffer","data":"4MnbwIJuAw0/fp685/q+wMB3Cvbjgk9mjC5dW1TcALE="}},"M9wmP+FTeSBpVgQpQOfhyN5SFM+pTrt5Zy37gVVOXXQ=":{"valueMac":{"type":"Buffer","data":"H+cSeZ8AmG6jx1BHF3XgtVB1KLxFVC53jkOYSJDKigg="}},"NJoSwQx3BQ80KLoInMHEnlFklN1Y/bhDO9Te4+l6suc=":{"valueMac":{"type":"Buffer","data":"C43lFiS4zNt7NqyonKIyLkC0U3Danen7QM1ZJsiGen8="}},"NP4UX0FBWztTK7TVJsIagrFf2KY3yRNnqiWX8Lbuipo=":{"valueMac":{"type":"Buffer","data":"esQiIvd+4PhtSleP03CFR22Aq9NY6QgCF9ftQpCFLhU="}},"NP/a7ZT3c2MsX2skDcg1yFd4lYJabeKTMQRRafPRiIs=":{"valueMac":{"type":"Buffer","data":"O2m15q3/gQcA662UznBU6zH572EuaXd+X+isPY7JIYw="}},"NZS3paXeyGIG+uV9eZOFm1qUcb114Vu3dcETjyvJF2k=":{"valueMac":{"type":"Buffer","data":"w7n+tB2xfkHIju0RdczdVNJ7TNfPI3j0eOFya63I76I="}},"NzaHbKQj/1UiqbehjdJz9pELOI39NrbyxuCoB2xUvTg=":{"valueMac":{"type":"Buffer","data":"UF5CrecCW/9vQ/k0nXnSbji7JqI1uRpMOnZB7B+ExlA="}},"N/x2v2010AD1s3UAB70epevHKjSlLLpK91MOgiq0LR4=":{"valueMac":{"type":"Buffer","data":"XN4avUwj7/nAtUq0ibPvh3RblEPf1JrjoU4mL5DbXcg="}},"OKgdWEhwh3w8W/yJN/oRZO41si0RFfbA/24kZZvHYSE=":{"valueMac":{"type":"Buffer","data":"vdVId49MJHXap85L7Q/1fFhOzhK6Lygz+IA/2XAFA2Q="}},"OME+sHKiicGg+RllB6BIMvdl+FuAeqjxrECfUjRct2c=":{"valueMac":{"type":"Buffer","data":"fyg+AoDPwHHHfkn8cZZTE+6x9hILKqMe6TFPo5kpm2Q="}},"OSoqYP9/aHksXs7eoDzp9DZRr7SaD8cwd3Qf6ZC+Khk=":{"valueMac":{"type":"Buffer","data":"bbHIIO9IyskLireSDbZWXIkOTYjaZKHbttDh8LoBt34="}},"OVW1viC9fYv/s8dTax2jzQrsnHmjegH/ofyljPIDSag=":{"valueMac":{"type":"Buffer","data":"2iRzYQ83jxGxW4Z7mSxZCxrtqn+1e6V4ihQlLm41sK8="}},"PhePmw0rvHIdBXjs8s7pgkkQqUdwfjTpOX1W2FcWQNY=":{"valueMac":{"type":"Buffer","data":"XooIeSvnIhhCQob7qXG/zf7/F6YYLwPNBEBtIGzSYy8="}},"P+97ikmY31jGGd5bBXHHnBmhrXE85Gno2MOTsFYLLCs=":{"valueMac":{"type":"Buffer","data":"LbcdxFRnaPP2Hmf0OUzKzI0m8VXnlX/Rt34akirxg/E="}},"QCjVW+ABESTu+stAJSej6+BmbeaQOYSG0mm7uCu74Mc=":{"valueMac":{"type":"Buffer","data":"A7sGcdN7OG8X+bRlxQ5cQoYdF+Y8kN0JqD0hDBghGdc="}},"QHJ9aA056Lhc8Nc25BOCW2+lgx4rklCvDlcc0zB518M=":{"valueMac":{"type":"Buffer","data":"Kym8LE9V38eQIDbssOanImSFR6hddan8Er87YOF73ss="}},"QaTxeiG8olyCx7TjOgQUOmf+BOQPQl1laER1sVkgv5M=":{"valueMac":{"type":"Buffer","data":"ufBraUeC/BBslu9mdqZZNm+/FsOQN3cNJSKt6CEkZXc="}},"QdcWKboOYFdeazhSPRQNb7/eBMctqHmjQzGQip011tc=":{"valueMac":{"type":"Buffer","data":"sOz2Xv90iJVQBUplF8DJRIpFfcxZvPxqf5qVHcsvQcA="}},"QlQzhcU9GkYX8ZjccI57nVGsfgjrTadtdiKTdYF3AfE=":{"valueMac":{"type":"Buffer","data":"ojBvpQRYk7ZCtRt5B0JmSWFriZn/phlIx7P5/CDG4l4="}},"Qtd0ZCIRXORK+baSXiXjlnhCr780FPJDI570XNW+sKg=":{"valueMac":{"type":"Buffer","data":"tjkKMiqjcFDJvG9V3gLDEy3mlkUnSAO2lShwztflZVQ="}},"RFWZPoY42XbhFMfT4IToVEQyV+cxjTX8NqmnanXL8sg=":{"valueMac":{"type":"Buffer","data":"Z57cSSKiLw2Y1aMyxgQlS0dXwlaYDO4EFLcvALb8nGs="}},"RRXPdijfgOhVNLDAcMwpBQeaJ+4qR3OX35diS3itWVo=":{"valueMac":{"type":"Buffer","data":"sXzkuVgJD2zU8JMyhOLoPIXkJf0HDoCejl8JNWPCwag="}},"RabKIVWgXEzw2wc4YDeIwfxG2cw1WHZEZdLYQLCz7h8=":{"valueMac":{"type":"Buffer","data":"AEBY840XNXmIXha8Ylya1lSQPWru34R6uxZoSdFRpRs="}},"RwbR5rLM3qQmrt1blp4j492qfo+RxRQi5rq/oLEagNs=":{"valueMac":{"type":"Buffer","data":"bT6H3odETx0qcTzUGsNUaR3H1HZLGnm0+6FBLcZ2AQ4="}},"SJJ+0XaUPiYuJLydiTph5gqyqnchfM5fxlQsKc5olp0=":{"valueMac":{"type":"Buffer","data":"8OYcBLV3duw1JFShSJptZvHLTY4bSz3U6/nBq13NAYs="}},"SYDPWBtDpOKxGi0bGiv3IFi0cpmZoflWNk4i71vpc/E=":{"valueMac":{"type":"Buffer","data":"h2anAsa8tnv+5b6ndgeHWe+kuaTa9kgsChUkOy1ur9Y="}},"SZyawkJ8RYQ3UdAyQw0FUfkzlvGeu4AsxV0Zs6qaqnY=":{"valueMac":{"type":"Buffer","data":"dJaYoqff0oH3e80ToODkmGJWc5QFJBj021V9YbaKNg4="}},"SpxFf2WMhPJyn1icfXrbXIC3+NmjIq6eeBrQyWDPQ9Y=":{"valueMac":{"type":"Buffer","data":"n5OgcOab6nTvw0l4F4sCd1JhUwviSPURvcA/qkBvtzc="}},"TBrxwIbAndC28od7pDISm5vApT+qXzbVfC/b0bcSlCo=":{"valueMac":{"type":"Buffer","data":"Mfgcfbk80SvZxMQ1q9lvvZshbMC0LYD7XtI6tJy+KJk="}},"TCRXBKBwsjLAot258Zs8ihePOZNpVxVm1pLN2Zjzo1M=":{"valueMac":{"type":"Buffer","data":"bg20AJigPJT1z52r+ryYBWyYqO43WGIFtpk0eohhoqA="}},"TJ9ppJeAGUD0Od20u5S9zOrXeSFjOmHUahixHWO4JeM=":{"valueMac":{"type":"Buffer","data":"qaBQTt+W+9+uwIImM1eV65hF4ZMc7d7Hg+SkmE9qbPU="}},"T2ghJ9A7NZyAj48A6+SIcbZ7oLMhyumaeqsJ3C+TvKM=":{"valueMac":{"type":"Buffer","data":"xauwdbzzhp6qvM+abmrRRg71jn7QbEoiGg2m+ZfkZ18="}},"T9uidhLXzve6AM50iM7y9D+uHfY9YJDN5i1rzijRACQ=":{"valueMac":{"type":"Buffer","data":"KmlSBj2IEjXfetJf3AAlVXsJ/NE7JzYmajbF0mfpEPM="}},"Uick/0HyCKE1ORXj7tCLLL+o4MqYPdisU5V8VYO4RZw=":{"valueMac":{"type":"Buffer","data":"hKBEGjigiBeCNdjbxb5IpHLRr+rHbj0kQXRKyFGkeVo="}},"UouynAubH3dxTKBPMxxWcBnlvB/iys7kLbek+Bl1pbk=":{"valueMac":{"type":"Buffer","data":"FBfCFJ90jRsmGpwobGGXVIRPaTWBbuYDDAsidy1o/cQ="}},"UqJEs5l5jV+0SqIncbYISbsX/0Hc41X8d/7SBG38KjY=":{"valueMac":{"type":"Buffer","data":"ukqBYA1hcHn0/TVeBK1ruozYSj7umaK+9xB2lV4DdLc="}},"UszQwdHdbNGCVlutvtVuC08PIYv1WZ4KLRxe4ePMdrE=":{"valueMac":{"type":"Buffer","data":"gelvJUy8c73hewMbc80IPmLHOT7LDxOw4Ztn9aaQQKc="}},"UtEttYM8wawOJKvU/r6vsQg1xPQczBKqgTPYLQDkw8U=":{"valueMac":{"type":"Buffer","data":"dDfRtBOgHoXVyWR4qipdvRapU6qJqzR6+rTGDtxUA9w="}},"U3SwbHVqPkDLO8RQ0m0vQc7PTsmtYznXXOEdHmjArCw=":{"valueMac":{"type":"Buffer","data":"OUv0uRaVv5mWyUylkUCS0UhEY0NP9OD0vtnPNNVGWOw="}},"U+TahecQtNvsnlUunrgVxrRQW9FodxK/D0DF0r/R0Zc=":{"valueMac":{"type":"Buffer","data":"urOwJDnby+jtDNWe9TPbMiTlRqYmeGwWU8TS37WvfCs="}},"VNdZsDMPSn8P8oRCWHyTDgY9jlXnXeQ1665DqRpGGPM=":{"valueMac":{"type":"Buffer","data":"Lp6CBEs1iTgNHoT7Ya1Jjkku9r2P/CpWWAxuWhNoxoQ="}},"VUux4C5h/SQD6HDM4qXYuM8cO1zrwaGcMwCGZLNhciM=":{"valueMac":{"type":"Buffer","data":"Eqwugf9fsrl1J4Cqeoez0kCUBV8WV2cAw3fZCNJ9h98="}},"V125efZHpGBto/gFHaWkmHijBUcKdHq1cJXR35blyG0=":{"valueMac":{"type":"Buffer","data":"d2XAdMMwVqGFnUiEywRuQF1Z2rVyt3uFXMhKoQNip2M="}},"V8r1QzV34H2F02hlDlOTZY/YcgPRgySbWQ6zbaNDrvw=":{"valueMac":{"type":"Buffer","data":"oGtu6t7bu4q9DhFrgyHjNjhLvBW7ZKpo5xlBXRyv7b4="}},"WUhMRVberDPwm9I/ghUrOYPKQ8sOP+Gtn0/orLU/UdE=":{"valueMac":{"type":"Buffer","data":"zFazCmN1qqs8nAf7xUmCoBy3ILDENtgGihzS2ijr22Q="}},"WfNSSEBVNdf6ABcjQlQLK3aDTQjgkfaThJ8Tg6kfjIc=":{"valueMac":{"type":"Buffer","data":"tCoOyEwuF2iyTwZqJF7mKHeRkYGG3FvylUvKTc1fPCA="}},"Wx0NRbkH860JWyUbRT+1AzKBiO2o+mfMlx7THiEozqc=":{"valueMac":{"type":"Buffer","data":"TnKy6oG7A3sXEwEGwA4th2/OiNAWppAMgFVWBEwXRUU="}},"W1Cr7LkSrnUbZlrplteAP+654OlddLdYFRVoM2g2zus=":{"valueMac":{"type":"Buffer","data":"geGIOTxXFQWBnnJ39Yxa6tIz+HdRMjkIwQe0BuXcqxE="}},"XLJ5ZvwBe6PJWrUFIVasmZve1cUwNQ/XV3tsNdND4Z8=":{"valueMac":{"type":"Buffer","data":"UiXZG/5lcYtD5a0jZInMtjXBLk8oldeTe30uhVMgR1g="}},"XLjuiexLYgow/HuFznmwZF1qwU7fBsGznZIXuKQv070=":{"valueMac":{"type":"Buffer","data":"NJk0X2zQCC1KEXKY6kYexa6G6FFl/+Z1dsZIo8upChQ="}},"XQ6ptehbd2MMtyiQ9QoUwBTQOw1leSqHlXzcFQCCDOU=":{"valueMac":{"type":"Buffer","data":"Q58tZzv45xLZ9DaO6+YKs+ibIPqjW/cIP+NpRhGxJck="}},"XVWfatXmPTHS2V5t8OcQ/1+cac0OOJUu8Yy2I05QsT8=":{"valueMac":{"type":"Buffer","data":"2MmqsSAHBD+HD9rRt/NTA4rJ2P+lz1cijAa1BVPcgdg="}},"XeiI3zNqTh1m7SzqSYFn++IN87EzMZ6c5bmlmq/JfX8=":{"valueMac":{"type":"Buffer","data":"D557vbNSA2GoD4Y09idCyDb5O0kB6AWN/PpnyX13Ujg="}},"XhXIPMsQU5PL8JepKYjcD/utOz+G4fhvP5k5mHBbDsY=":{"valueMac":{"type":"Buffer","data":"7VbXUxdl5hA+QtF5GJsHnV3cc/SimN/0Xh26d2RVpec="}},"X+ERTwsZRoBqygMGmmxjLMa/W6PJGNdOeXUNPr/uQDI=":{"valueMac":{"type":"Buffer","data":"UqrOCgQJugL8L/4ufugRvze/2Hg7HhLxFbuUxY2uCcc="}},"X+mfMQIvTxAL8sjuNjXrgr8a+r+MeMf+I4prleRQDj8=":{"valueMac":{"type":"Buffer","data":"1aLfayYjofaGon4j9xfwsKL+1JvGmnieyO70jJQm5YA="}},"YJ27VnTAtAohAvQiNYRL/jSHoeMeq73cBy8i3DgcOLE=":{"valueMac":{"type":"Buffer","data":"hBqT0Omnb8/3rfnu/eI1jIzrbMZkIiuI1Y7Wg61i8Ww="}},"YQ3tuBtvHebTZN8hR/s5MOC/pbQj81zJn/k6TeiMr9Y=":{"valueMac":{"type":"Buffer","data":"0WHe6rQ9xqvftWs40FwpDXL/JOiML7h5GYGH+Oj/M+8="}},"YUVRQBs4dU76OnesU2WamN1KblPcb/zfF8/twxPnCiQ=":{"valueMac":{"type":"Buffer","data":"oaPHmnlnsgWKNJN4syS3i7fHImfsCypKJHJBozpxH8U="}},"YkLIHTZKZibBQXSTReLXGmocIpJLOsdtfXrISbBHoJA=":{"valueMac":{"type":"Buffer","data":"DURumYlAafy5/N2MxlEZTZDpT9pp11MQHocopKzymB4="}},"ZBcgyFG9JKqCVWcClF8us1snZI3yOSJ58grQTJF8lOY=":{"valueMac":{"type":"Buffer","data":"eZbx7KuJ1flt5/x/OfvOmvvDq8DtLrs9LaOR7wOuvG4="}},"ZQlXkBkEimySbd4kLcXEgSGQt1HdUQSjMfPXoqt4Y5A=":{"valueMac":{"type":"Buffer","data":"xdf1lf5arOZp1vKPgoIIREvAoCymuem23+4Y1fRgD3g="}},"Za6Bqc3x/+/Mc2Lkr6MEtsJWf3A2AYFsgeNT2EKvX6o=":{"valueMac":{"type":"Buffer","data":"/GglyKEaAldk1QIc+k5tBavw8g3NexylM4uV5IM49s0="}},"Zgci4wYHxRj+LhKaFiUSPipvVm9dIe+dYL6RvS5i1Y8=":{"valueMac":{"type":"Buffer","data":"KW7vW/RJ+rXzqP5z3IapsltUXF0CTO41G5D8PDtXw50="}},"ZqDGfqkOhCH4l2dHct+YBKLVV7mrBeMRqwAWlNeLpIA=":{"valueMac":{"type":"Buffer","data":"DnDOLJPKqX9+nh3IjLUNsYxXAT+5+5hWGMksNcfiJqw="}},"ZuCzM7uZw4TT624SL/GOouWWN1cX32y6q5dlVgQ5u5g=":{"valueMac":{"type":"Buffer","data":"NfktWuqBVZt91NwFvmKBcR+XQXO2/XDDxQXay0OmTOo="}},"Z8uImfravv5qfW7brKOPdfPUqUUMFuAKoWK12QDWc+s=":{"valueMac":{"type":"Buffer","data":"I1WWjuC3zs87J/zy7+6rXJaRtlltj64ueusy0O3ZW6E="}},"Z+oYFpnsl4oA2EetObD0mWH8x1+WzjIpTfwpAelN4Fs=":{"valueMac":{"type":"Buffer","data":"e8FApgyeJ0Dm9OPl6hIYN0R8MPFVfzpdo2RTkaIako0="}},"aPNkgI3BiHLka9zXz7nWU93PW3mgeNdmWlWfcdu1iKU=":{"valueMac":{"type":"Buffer","data":"JWSyIVb+jvlvqsc2oixMyrlOjOeqNlyQYEq/ljfxdJU="}},"bAov3DlAt0d30gzdGcTVd3XjEYqOIGqjehp22f5EtXU=":{"valueMac":{"type":"Buffer","data":"/hFU43hFiUOPNHq9BqKtZ5fPrVtWqv4GRrZF+p6KHn0="}},"bhcJvanHj9XikmusMc/oxF1Pv4mXgOyqak8M5ONyRgk=":{"valueMac":{"type":"Buffer","data":"HgCqRl9zSKoTEFJeXvmgUWRZLSg1OlxxSEKv+DXkurE="}},"bjU0O+Mxv06rfa4ZLUj8GnZK146R2nqqkHTh51JBWSQ=":{"valueMac":{"type":"Buffer","data":"mRMbVtH/raJMDKXdTEd7buVbhz2wZ4BWznIaeTpI4JQ="}},"bxOid+fqX8Fd5j8faBNeMakfp/U1HWebLhDh0bpDdmM=":{"valueMac":{"type":"Buffer","data":"iWqxVEL6V1Vx4HdeDIT8gYmOluNHz7RYb6yZ7ZxmVgM="}},"byAlsfmeL9b+wLN0o3lpXK0+jwVeGYQR4NdRoV1gSUk=":{"valueMac":{"type":"Buffer","data":"79k9+rpY3IFgT+0tBuwTV5WyBDXSn0Tcai3wijR+ads="}},"b4dXhDFfIRh10r3V3mKzTHN3ZMMOqHoZ7MAAx3xak8s=":{"valueMac":{"type":"Buffer","data":"vy5FFY8PGWLsrNAx00z+qcTO3vFh/HBv4EomMB9WAn4="}},"cfPACvugSVkbUC0Tva1XdjfLZDp7yIKYyHjAx/yxYgw=":{"valueMac":{"type":"Buffer","data":"orrKwdbfvnbmLdYltZ5mB52OO5vRHIb2EOjLGPB5vBE="}},"c5nzGR3e1qJmFtHl3AbrnHUBtBRIRL8Q1RPg9mbXqsY=":{"valueMac":{"type":"Buffer","data":"+WsoJjoWm8ypWOJiBbl5bzyjjmAluZntVzpyPlCJm0A="}},"c6LKbakAeeKcH8DfLST2rR86Npp/OpEIvEjNhvg6Evo=":{"valueMac":{"type":"Buffer","data":"bL+6+lHg78zlulM4Z8KbPhaODeFWHtLkdrpuu6ZljeU="}},"c8VF9nwD8CPfb1VHoec2fsLltHnnI7vUkK6oDT5ACvA=":{"valueMac":{"type":"Buffer","data":"PvfNkDZ6YfiPMHD7KJZ4hgk3YxwRMe+tYGLbvjWXR3s="}},"dF1JhHND23AvKPwcefVbKv6wkY6gKbWam+j70EMoGyk=":{"valueMac":{"type":"Buffer","data":"eg+EcOamOCjdKdtGsI0ORj1J8M8cBxxyvMysv2DkWBA="}},"dNJ8hdxk+dATe8VimR5MwrrtAmuzTcqkapdEhLdQEg4=":{"valueMac":{"type":"Buffer","data":"XE6a0/SvGU5mtXLVeEp609HHPYKqJUUKCyK51Dtm5KM="}},"dvvxXmvgciA9/B6x6wEqNShR33qF/scspz5lAZ6tEFk=":{"valueMac":{"type":"Buffer","data":"ijcnaoCSIGFK19QDyD/1FlDUeHqjL8hSC0ZK/Ryg6y0="}},"dyYi63iGfIuGucgOF9O+9xZAztYkvHKlT9auoIQPAR4=":{"valueMac":{"type":"Buffer","data":"EFBjcbLg04jGHv1ngVuZkrVyjTjCmovgl0DZkICiIkU="}},"eVrdXX1sF0w94ATTwSVycEEeEupjceGK9lbGLiGCVoo=":{"valueMac":{"type":"Buffer","data":"znX+KhjBzT05OLxgqPxoUVSYNcmdQN3ZB51Xt3IdIho="}},"eaFdSUFRXHR3Q+GBQtkyU2u9zUO2rmUQW/hQiCpxfRI=":{"valueMac":{"type":"Buffer","data":"O7guH1yti9V/nSiwT8OYD/qGPQYewQs3n93TQxVKbvA="}},"ebskArpBFaVs++ng20FPSN9+Ptxcn3FPOr4yRIVKdjU=":{"valueMac":{"type":"Buffer","data":"/ams8BJ9yHs9zrR/pDtS/ViYI1DOmY6vryO2bxUJ74A="}},"ej7veUpH4lFJb31+i5l78NZMb6ZrQQnST+zcUOSdeB0=":{"valueMac":{"type":"Buffer","data":"RG+7gumdn/44qUfrjXNkUtDEnbtBJJBD3JlMVxYQ95o="}},"eloam6339cMEQ3KKIHmlqDRh3zSow2uhFrdE58tapWc=":{"valueMac":{"type":"Buffer","data":"U3r6R/MgmohOzgzlomaeWDaNFE1U6TwmEVCvyym7uJ4="}},"epTRLdAmylicbhheG2gbEJ8htwiuksrtEGIsHCNUY0s=":{"valueMac":{"type":"Buffer","data":"UMXZZR3T8bC5E0j/rR9j6wLTXyPJdECN7c+MacAXBWo="}},"eq0xqZJChzXva3BAhA+WbXmv1Uwb42YeGOIpbsBxclw=":{"valueMac":{"type":"Buffer","data":"FtwQBrfXnMpmHXi0UpCAiGfB08FTCTdaCIHGuv1TV+E="}},"e6AfSx04X6H3PFDe7Y9o3V6USUBibfTz2/1uhXXGVwc=":{"valueMac":{"type":"Buffer","data":"zNThOzkwpJioR8JRZxwEPXUQQv9LZunbPng/uPIQ8mc="}},"e6gDY98Q7lJf+QbW4+wXuCm003dA9C18s5rfaaYUpMQ=":{"valueMac":{"type":"Buffer","data":"uKODIPjz6Herrk63hfvqF/+dnlH7z0UEt3PdKdH6ukA="}},"e7WXSCQvQTnw/FOCsx+jc7vgvLoU+0G6KnDGjf8YHGE=":{"valueMac":{"type":"Buffer","data":"E9x2zQ9BMLagd+tIoyX2T/hlDUZQ1ZrcE7PZ7/Y3vYs="}},"fRx76T8C0ir9XtIAs0yyTXyCY6mGEVRCKRp4fZo5j6c=":{"valueMac":{"type":"Buffer","data":"uyfeXGmTYzcXSTAqZmeGuADMLQbMNnaYa48NhgVxQz0="}},"feecCQWXJ309Tmk/LNWDmW4m05zYJn6Rs11rWdf6dTc=":{"valueMac":{"type":"Buffer","data":"fQud2KSevLpiEpMynzDm856yxeMGVTOQZUKg7o7JtQs="}},"fhLJ2+7hoF2/esqfsI+oRa0a4aDLdKePepuKGuEYpZc=":{"valueMac":{"type":"Buffer","data":"PYeMm3PuILdSrbXWfzP7UpCS8qxUVvOFbCU/gV49Vo4="}},"fjWVxK2siI4lG3MdQqsT/C8t8a/EGlaMl26GsBw0/fg=":{"valueMac":{"type":"Buffer","data":"DsTIueO4fgiTnXTYpN8gN1aq4PUOxaNf2dJwJ5e+N4c="}},"fngtdnwwcCU/tY50UbS+SaKvgTdG0QiEyArKVE6NdlQ=":{"valueMac":{"type":"Buffer","data":"gSjUXc5pzkzozKLssqqMvTMNLul7egRey0fOJYkEco0="}},"fwyEFl6kNlRJLhil2QV8Vp3jnM94NbOaidhztqfb+Ws=":{"valueMac":{"type":"Buffer","data":"hjArdQfJbcMGbb/NRzriebmsVCw9IQgbbd90gUnPLHY="}},"f2ScVExS4CtBpiZrbTKCBlJeQYIs+Spkfk0HgEP4vDA=":{"valueMac":{"type":"Buffer","data":"BwlAibpZ7hwVK8m6A6DB3YA14ibSQXN3pjEjpnqMc0s="}},"f5HAo071GUfPBzZ2GEzjM1gxGNrgM3GOhmyVD7JZtiA=":{"valueMac":{"type":"Buffer","data":"8ZaC5Xk0jERRIAUjkw4BGxqJ50ehEg0+iJj3+CLmd/w="}},"f/VUYt301yXKKkLAb5tjyMONeZ7JXerbAk/2D9uXjlo=":{"valueMac":{"type":"Buffer","data":"C0/Eq21m1otPdYVLJWwr113DtgwAxEm71zV4Xb+F7Pc="}},"gAy1Dtr7bOTTvjk1fjgASpfk53DSsXhFc+QtgK6WiVk=":{"valueMac":{"type":"Buffer","data":"U9QSIrJ9ph2OfdXBGUZ4OrB1b3kT8t3HCitxgqZnWcE="}},"gTQNWolJ9Dr2E5N665ZYXisl/Kh1FsZWuMRoTo9DaSI=":{"valueMac":{"type":"Buffer","data":"mtzUEicT4L3VJVh414PVBU2g1dtadrZmvwN0akKq+z4="}},"gsmeprvp6DwlbwRnqjdkRpdl7JiJfwPA08BahF5t1hA=":{"valueMac":{"type":"Buffer","data":"4Df0jIStSPlR0aZoFRSX1IaddnsLdQywrUYJ5a4pi1k="}},"gyH6e9zBgV1+IwLH4RvMvjrJp0AvmDchWU/YsIxcTPU=":{"valueMac":{"type":"Buffer","data":"e8t1sNDel3a33gCyKE5FnymLvqjhQG3c8e8RflPZv9Y="}},"hGoHAs15MNRBrJxAsedxMUWx8IgglxA/7g6reMUZkfk=":{"valueMac":{"type":"Buffer","data":"ujiCkpz3zipn/PNbUfVk0k9bHXj+75Zl91tCvcUv1Uc="}},"hKrI1v3RypxFFTtkq2dellHG4Kn7bhHktSvAwpoz3bQ=":{"valueMac":{"type":"Buffer","data":"AYf28UPKxQ1iz5J7G/VPBhZzFsKJ6dwnAhQ6qE+osIY="}},"hMJDNXEelESZk/2Hs6FEE2JLfCB0Hp9lrtwh4jO6dVk=":{"valueMac":{"type":"Buffer","data":"fP847kLNaSLWp1mP5m62EA5XBmwCPpkiTCooz5IAENY="}},"ho3+MZruwpZP/Z04HMXEJk4/2xnrdBmA3immizB9vqY=":{"valueMac":{"type":"Buffer","data":"gI5j66q4GLc9q0ewHPcL4WC53K4OxTkHpxZi7x8U4B4="}},"hvEBZzj5NQE4hCngKxTu2SRb44/zcejILzyBjZXWKGo=":{"valueMac":{"type":"Buffer","data":"xRxTXOOwt9J5G/rQlGgBRAVGvxsJyalZ6sbSqwN/1PI="}},"h6+d7bcl3pBogENDgCg3lla6Ngxi/22jXHFM51mk2Jg=":{"valueMac":{"type":"Buffer","data":"T6oEOx3/ZTUH2krlSXH4Pv7H7OG2G7XqkyU4zbBv53Y="}},"ixM/O3YMyBDUKx0tq5mjua/qnCUrJYIt4cfRbS/KsqI=":{"valueMac":{"type":"Buffer","data":"CzAl3imV68usgZnY8UHVFDY8UbYeH/Q2V85Qy8T/EiE="}},"ixk9Cty9BuZTDGNBuEeZ+hpZLvZZdcl1TavG/4MGpsQ=":{"valueMac":{"type":"Buffer","data":"XLYiZBL77nl/gOCl2iX84Zz9vb3BSGufZzzUKI9i2dU="}},"iySYQqFpf++SvbEoF8CKKHNIrgoegybNfal6V6fz048=":{"valueMac":{"type":"Buffer","data":"o9F8dtTrRneeBwy+wVbBaqosQVu43qzRDPPZmCpdZX0="}},"jUEMjCGd40GjRaSKLiehrD4ixBBJm7POesF0yFqSI+Y=":{"valueMac":{"type":"Buffer","data":"fXfXpTay9pWOgJ6T8g7HgjdqoQ5MqknZoDfoxT+GdQw="}},"jrDUS7ADoIIYHo1tIAIxXC+Jf0W5qcMHo4j0i26AdS8=":{"valueMac":{"type":"Buffer","data":"aVuNsm2zrziBBfvXBndmIMtPh43h42bCnG07yGKvOhc="}},"j6YGfomwHAmGaotxI32Uk5vRUfhWIu1xGlqMOiMnwdE=":{"valueMac":{"type":"Buffer","data":"l6bYYbx51hTRgwf+w2lUAYHOazXFvLvkNpkAxdR5YZs="}},"j8nElYEMwDwDTtEdZpah0tqvZsNB8C4OkewjCTJDGAM=":{"valueMac":{"type":"Buffer","data":"4yOU3nkwVZ4T4PtNpbG0s0+dw8B0ccIbhEAi5INPIrk="}},"j8xZl22OBBiRHsmvzPVIwvIum0AUqckDC4DoNcFqL40=":{"valueMac":{"type":"Buffer","data":"xWshycNJqNwniuSfskjfas7bGhXvQ2geMMw+UP3UW9M="}},"kGx0D4Zq6wlZVGbEbuziK8W6z50OmvIc5WvxmFgJF8k=":{"valueMac":{"type":"Buffer","data":"sQ7rPjGwGJu8GZ0UrePyHIK+SKAMe6KEeV1PSPc9rs4="}},"kHoSc3qvAHcgh0uzYx6tKuzwUFi5NZJXn68laWFnMyE=":{"valueMac":{"type":"Buffer","data":"2JJKQfGde5PyA8XJHAWGyb7CBm356xporsQrB1W/Zp0="}},"kJSJYc44e3lQl61c4R/QHbKFj7tZsaO9s+fPlvlDSWg=":{"valueMac":{"type":"Buffer","data":"aUlxw/IJX8Q+QWXF7yO8xcE5Gc8aoJWWXgF14YJaNQI="}},"kN1xCJPoeV+Oh4Vzdkmj+GS5OR6OFCtveIJ/u15fWMg=":{"valueMac":{"type":"Buffer","data":"kBx5OQY/WRu8WVYKsypKZgb4rzSloaze3CQUFYz/A0I="}},"kbJkeemZIo7rExqfAah6dtaFg7lRcfa4NVf/0FUPQ1A=":{"valueMac":{"type":"Buffer","data":"+Uz/ARqPK4agZ7jCf0gtFuZ83WH8fxKsE0pjF6+l00A="}},"kctB+kf6I7n4AmAIlTTpOpHy2aSdpbiAst04cnD5MRE=":{"valueMac":{"type":"Buffer","data":"+Hd3t+toogCLZBYtYMRY+HXAXlNuR3cztirvxMApSfc="}},"kfziyo8QSvE/TWFtZTezhsDQwpwK5mU3nIfz/PgTmGg=":{"valueMac":{"type":"Buffer","data":"JzN/cO/iFrmYJd/tYAEQ+hJVG/ZL1kQHYHDG2Ci16wQ="}},"kowDE57OBXEx3djSrRpU0l03qbPRBrsoD6pgpKYcZys=":{"valueMac":{"type":"Buffer","data":"3KvpjJC8/0m8dYfADucxd6bnMzzQwsOl5TSRZuQBhgo="}},"kq9EkX99uhIhejQ/ROykLkMDohvY4KtF/omc8uADFyQ=":{"valueMac":{"type":"Buffer","data":"M5ngROhaU5jGhpkJCH5abzpX4w+H9xGKDTniQZ2iyqQ="}},"krS46pmgMwEIG4L1t2O4IoSkWrRZZHE6EB4/tbFy6wg=":{"valueMac":{"type":"Buffer","data":"8xy2kY6NNL+8xec9GdbZ6KBAsnwohJxFwOvaalEi/HY="}},"kxLW7oaSmMrxp88maNqPC0q/zS67LFE0mv46wP1fFG8=":{"valueMac":{"type":"Buffer","data":"J5y4d8/Qo794y54N+QAjab+Lp78Szyx48lPBMQu3iog="}},"lEpknvE4mwCta6rsjbf3Uh76LVFSfqAbqHYnP8c7g3M=":{"valueMac":{"type":"Buffer","data":"QFNPxlLevdtC6Zye64HQ7ebzkH3M41LoEbGr/Y1aeok="}},"lOqykbxDhrvQpv2zxf0lRZa65mrqtjTDafrap+WcS2s=":{"valueMac":{"type":"Buffer","data":"a0V/AwibUak7LwlBOnslUadbpGvTUpd58Ui4MzXOTMI="}},"lXCbuyj40RmhtU1yAg+PxLRa4PKS3lQwDvZnHtuEDsQ=":{"valueMac":{"type":"Buffer","data":"ACiaw4J9ZawMEVJov/BxvVupgYdn6gapuclxsjcmwSA="}},"lwMKkxdOkZ84vescJE7JXVet2rhqdZkkP8jUhg7lSSQ=":{"valueMac":{"type":"Buffer","data":"DSZ1YvJt+5oSKpFPLE1oH+ypx9cMSYf9Asr4JWomdmA="}},"mHbxR250uUkqBQl26uGMqK1zv6JlfgClIDbTxA/XvFY=":{"valueMac":{"type":"Buffer","data":"na2LzKxVzEXLFHnLHhttIlJNscYZm+UCWsBc/kf2a8A="}},"mR1PEEy4N+AstRD2F1qhIGJFb/2hJ0SsHlb0ptME+5E=":{"valueMac":{"type":"Buffer","data":"+QSld4o6r4mP9QhUcCda7pVbJf9ZRgX+NjukU1Hk8RE="}},"mVVj0FW5x/7Zp6gNuLoInP9mNibn4r7G64IBMWk4ViU=":{"valueMac":{"type":"Buffer","data":"kGBsj6bQ0srkFXubp8TnQ4j2XN9f1qqZGFyhJTIt/s0="}},"meQ3M2ekdkR8YrP4iDJooT7/ECdgGqCSbBtkm1ZPy2k=":{"valueMac":{"type":"Buffer","data":"BHdVrlN1aVG2C9Vr6cZv9ViTByrGOTZ4TUk3pUYOXVE="}},"ml0KL61/5dm42FT0sCldQCwHIORbUwhXedHAnvqMDxw=":{"valueMac":{"type":"Buffer","data":"m8oaw9rtReqVLyh9p9Kh9pTmh9dcIEOkRQeW+46swW8="}},"m2EUODHFDaR+8O0u7l4zDT46TsIBiDSC8Q/12qx7QGQ=":{"valueMac":{"type":"Buffer","data":"lZ1IM58gAC8pIdYPqeWhYO528CRPB4hQ9xeldes4DlE="}},"m2tRcyKVPgTLesUYdw0trOyfnZvZh8PlqtKRfjfsMJY=":{"valueMac":{"type":"Buffer","data":"8V4hjUpSrdo9LCKM5ENK4NyU/T1Smb3AymhSYQ1LLBI="}},"m78LfvHsrHSeQIrFMWzgjPlYc2wvsupaBxovvCQ4Po8=":{"valueMac":{"type":"Buffer","data":"UOyedAUBiaEFiItYgjZmIkCLmZxaH3GB+kf+oAObW3s="}},"nAOel3sHuElSgtSamd6W599qgMVdn42CPRhnGDtQQQg=":{"valueMac":{"type":"Buffer","data":"Nr5kWyHvLvcNHBcllezJAucqyrInrnEU3b2IQi5uATQ="}},"nNc6soFqnRd9oGzNAvZpSb8DWKryVVNwDch7csdvXB0=":{"valueMac":{"type":"Buffer","data":"sTZ5zt3btYaJ3Yw7D1BMydUcv3CqDu7VrQ788CYiggY="}},"nPrDxzd2aSP7x623riggOSITMJY85sAMtPyHj6R/Smc=":{"valueMac":{"type":"Buffer","data":"Vt9y2QC5/2QBc99sbGQ1pAju2UNQqm5pM963UhxtUKs="}},"nRuraTl1K4jzGnRn+j7jJIUm4U64oJ8XoQWL8zzzTHA=":{"valueMac":{"type":"Buffer","data":"Lw8xOPwxC0/Hi0TLvxcLG1WuS/6zoSHvG7Hm+jX5jz8="}},"nkxytpk/N/4ui6NHOg5y4dVBrv2u3domQkkxwr0lhDI=":{"valueMac":{"type":"Buffer","data":"l9ckewmFxpWu0bPsa2RgfzDIVVEkuerm9SyoabF7Qes="}},"nvbudhzjNJ7pYLmLTvRvUxQ1GhwX2xamCRtO1DreGdM=":{"valueMac":{"type":"Buffer","data":"kpajs3YDH50zdhcbh60kiv0B264iNOxZsJv5b1rVLfo="}},"n4FkSKQHCxWzBLpRxfHLslAhACrSEZWn8YTnTh9yVp8=":{"valueMac":{"type":"Buffer","data":"7arGKpe37fKqj5N1c/wYStbcjJAR6wGqu5v22jCmeO0="}},"oRE0tXL2jXTStUVP2gycasrTXUsLVYacsRXI153Brr4=":{"valueMac":{"type":"Buffer","data":"zHDxFn3v1R4sNVhMoYR64JbIpDyuX/iLT/eqfzBD7to="}},"oWQQFTGPfD4t5krDpZl/t4GYBAcYOVJ7o6O2eMVkyds=":{"valueMac":{"type":"Buffer","data":"EGtvH1M5s1HmbCvsh1H7Pm0kmsavPVhynUPYDo6jDjI="}},"o3UF3Bmd61MiuYfy+Q7I5fyRkWXqjelKlPD4Kfu/owA=":{"valueMac":{"type":"Buffer","data":"t7PzTSknE8zvVx5Ass6IhEk8eRvnA9qpZn9Z5rKWCL4="}},"pkJ6CYs6VJBwxpgWTurADiEpVNP5srhOgh66xTnySZE=":{"valueMac":{"type":"Buffer","data":"fKCX8jD7gV2xNj8F7F8WjecXEynnCoDXuH5xAycf1aw="}},"pm67twljo8DdFyMQQpsWiJsE2OC2BSNB7V1WZfmAcMU=":{"valueMac":{"type":"Buffer","data":"1cwug++CJQ0H56TJRskeJ6K067Srx16bgMFdccg8Rkg="}},"pnc2tdkzTWDCoM5LhnMA9NJ9AHZnNOxtQZeraxipxxw=":{"valueMac":{"type":"Buffer","data":"+SQ+plYP+/j/uS3IeZrShNDYGTrRWRGjipmAMWDQ4NI="}},"qOWYjP4I32DysBgpckiWYzVQ78MGzgChTfgWC84lBvM=":{"valueMac":{"type":"Buffer","data":"pMvJrPWIaOgDxrbVmr3GR5bQYYTa1FlJ/0W9TzmjdaU="}},"qzocHoe/V4QB1eNE0A/XoQEd6l8SmmH5XOZJBt+1I8M=":{"valueMac":{"type":"Buffer","data":"6qGQLL0mwBtNGLKyPzoUsgE6mRLiYZhX4QgI2fT5EB0="}},"rY6szWpZvsbQCgVFFMO8DQF3VlhEUJuFwog/ILPgO7E=":{"valueMac":{"type":"Buffer","data":"VXCCiOOBi7nk7nO4FPZ95LhFLwLStVmyn6QECmxpXhU="}},"roX+xBKckivRzbJW9HgjRtK3oQg2g23JmoLUXuwImwQ=":{"valueMac":{"type":"Buffer","data":"wAT2hOPSyCHhRW8dm9rE0b6FEOXgna+tWxtfebk+r1c="}},"rx6V1DlpSPHQFYgMFuqw9LSkhH2q4kh8Wz6FQLfxu9c=":{"valueMac":{"type":"Buffer","data":"XbXPIC68jEbm4mi1n+2fAyp4bAiJAB7oMBlsCUNb5rc="}},"r/rCu3i/qpfzBYfRPyCn9ViSb4d7yy17VlU53HVJRgk=":{"valueMac":{"type":"Buffer","data":"DZoXaC+c3DfY9adZudN7gNBa/lPBMs+Ee2kOzMjJHzc="}},"sAaKIO+bQYpuHNcpyQKJYcVq72cBySuqRItVXNPLKGE=":{"valueMac":{"type":"Buffer","data":"VJCBLZKjW7wizvr16XbJ5ajuN66t7XdEqtp3LOf0nsA="}},"sB0bJlv8SSErKlMdQdjGIcCwltDvF5czHySTm2S/opM=":{"valueMac":{"type":"Buffer","data":"ZBnb23AmYkT1iL5SBYM+2RUtBTZZVkQnIOmIw6UZ+VE="}},"sCcRNst/7tPx438X8J9NFWGneFa9SzegQ0xTfDHhGtU=":{"valueMac":{"type":"Buffer","data":"8wybKd+G8QdYOLgdHd+Xcp+E8ooWcJWaOX5CvN34emY="}},"skmCIBlJCfleSax9o/0CjH5juXU39r6X0Er3qRlKeas=":{"valueMac":{"type":"Buffer","data":"KtMcvLZhcR4bhVaeq6K5VYtM/ICflCKnZY7+EKGcUHI="}},"sz3x2emK44LtqpnAmy5bY8aXFJn4D7roaLHQrP+Swqg=":{"valueMac":{"type":"Buffer","data":"AzTJi4gg/6gLheqBoCScZnBMVR8iwF/lcozoiH8Dh5g="}},"s1ibAjjImEcFhRwqENFU/4E2/Cw2A52O7aNpPVP48Rw=":{"valueMac":{"type":"Buffer","data":"7pWxg5vwGyvUrqgITwInQpOqvFBIHt4LDHjlzI65UiU="}},"s1nlbu9IzKTY5SVnaWMpZfgJ4hyKRHrK3VU7K0TmTwk=":{"valueMac":{"type":"Buffer","data":"EViOkt3/g/F9ypG60IF2vTuUjSiE6Mt8IhNfA8e6/ns="}},"s+K+y9+FYpi0nfAV6vAFxhmAvrXpAda+nPnmUQhM8zU=":{"valueMac":{"type":"Buffer","data":"egkGAMaqfFZTtrCkcOoOO++ccqedZ4I7va0NjJQmfCM="}},"tEAT4Jrhu1zuS3DsSr3d7DyL+MTc8w5p25OYdzTgGAY=":{"valueMac":{"type":"Buffer","data":"P56rBG7I2ZBUNwKdiS1IXzC+gCIsdf69OPA/t29J1Ik="}},"tffjymlGSNPlSs0vznVVEUjmC5kkG5bQiLsJW+0VyB4=":{"valueMac":{"type":"Buffer","data":"V7O1G6FDUuV3JbMzxr/vrzeUOjazyQvR9DiWbwx1hS4="}},"tnNWPoUbSYOHRUfmP3uOHxFBAqI6fJo3nPuzRAsBv3k=":{"valueMac":{"type":"Buffer","data":"2dYWKtuLMHICwLixpy874S6Qpe9ZurBwsrRMFRBeuQo="}},"t7nRR4QihOPif4QPOwEdkCv7C+pvyXtFE1HCU7W18BU=":{"valueMac":{"type":"Buffer","data":"A0PLDjDo10G8gS8DXQ8n9LL2e4v0ho2bpAI39Bx0Rco="}},"t8XlPVmU20J1mPmXT3aGt2OvorMznbViyJohVVBLqa0=":{"valueMac":{"type":"Buffer","data":"H21oi2un3wIFzFsnNWi1l8mqVYwJfYaxB4VVE4a5S6U="}},"ucazfX8mS4Pm1f8KPkfPjDy8oimTC+AZpqyA/YkV4qY=":{"valueMac":{"type":"Buffer","data":"3PoB5yB4kq/Vr6OPtlUlXAiF/GWJaaN/uLfBHTefv9E="}},"uqlWGIhY9jWIrJRpXp/CegIQq+GzX7YupSKT4Ou8jGc=":{"valueMac":{"type":"Buffer","data":"MNvA6Js2gZQFmHYR/zk/J1Qb5Jbn7SxoWr/z2YkCwqg="}},"uxbqDllZAcUBDlMLyZ/0UaUQDtqaUAE+7qXwtrZgw6U=":{"valueMac":{"type":"Buffer","data":"HwysAIR2roDBEwCeoU9wnyhMoh9L12bSRVQXKfXqjPQ="}},"u3lToouYr5Mz+g4m7P7lTn9YW2qFBF+LFIEzRfd5Jlo=":{"valueMac":{"type":"Buffer","data":"UMwEaPSUE6PdXHy8CkLLm1W4WpCgyKBMC1rdJ/URnZA="}},"u4d9Yp/uPle+eFZ2ccvQj+U56WK1xWQGkKJR3wL0Z8s=":{"valueMac":{"type":"Buffer","data":"9ZKCBr+X4YDlOEyh8mctWDrFhcUEQAeWqE/ngMM7AGw="}},"vHf+TygfdIzxlwVaE8T98sIiacZJ+//wvRIGF1JkyLw=":{"valueMac":{"type":"Buffer","data":"qlmU9vDBxpRBGn++s5TZBsR31XGTh2Okh8zozS8i5Ok="}},"vISd70gXQTfHTYvYkbqYRtHp00QazjndQPe7o74MJ+U=":{"valueMac":{"type":"Buffer","data":"YtEfzyjp8+c+P418txu5kFH2wI9heShd7nUphCJ6W0M="}},"vUbfZLYWRoF1/54jC3RPulFYekFp4/MIApd6F3ujcZM=":{"valueMac":{"type":"Buffer","data":"4j17u4Vp8HahBYsLAdOIImuJaFD8fyhO1If2hWCSNPs="}},"vZNyk/eEoswRtrgASg1d0o5s6DGsn1pQcz14IEvRyrU=":{"valueMac":{"type":"Buffer","data":"n6mAH8PfpXMhVYrVd04BdHNTAo/7rGqo5Fzq3uTQTJs="}},"vn4Pexa7TL7jHmN26o1cbD0wr4WhDtsb8kDt2K5ZCjA=":{"valueMac":{"type":"Buffer","data":"ZujzLSXB6LFlLe+h2YbdY/qtepjf5NKksAuPK8QqwsY="}},"vv72JcySkRJHZxcZ+SXUgaKsqjy46BEM1Bk5kxveVg0=":{"valueMac":{"type":"Buffer","data":"bt77YtJ+c4xY5KNLGAm1kAPRuuLH5EtJqcpZhrTq6c8="}},"vxFhRRZLmeHQRC+yptY32Ete7p3ofEB5AIG6JyEgXho=":{"valueMac":{"type":"Buffer","data":"gdE+jOZrH4/qCyXMP796V8xxErbxFqhy2o2rWp1/Kv4="}},"v8awMzeOjSOdfnmLMTGutcoUEnspq4V5fFCTVqFBj10=":{"valueMac":{"type":"Buffer","data":"Snmy9D6/gCoAIxjfLg2glF9aMRFIBeOADN1EseTK5ao="}},"wg1lyJS4JkjxqjuznQgeh+p+COIuPkHZKMu5EeRJGow=":{"valueMac":{"type":"Buffer","data":"SCxPmGevBE0puKH50WWqNcs/jUvQoksy0he9Gd9IMVU="}},"xCFK42rZcjOvA+KeH+/6RxovcsNiSVEwcb5IYwDIfU4=":{"valueMac":{"type":"Buffer","data":"JNq3pXn98caKLm0WYJaAEmhwofhXGTxiGEmxiPGYSP0="}},"xPrizv3QSh+2oDjrg7MEwAVIty5HNNx+h3UbPDdRLuw=":{"valueMac":{"type":"Buffer","data":"2SCHjqi9F9jQQ/G4GLIhs3zPyMEv9skCbRangkMBBRw="}},"xVa8k8kr3OG2liS1Bfh+4Pk8Hsx+Ppo9sz4foYPFfuA=":{"valueMac":{"type":"Buffer","data":"1x0AcDKHcboypvjcP8OheOSeW2o2xE2Hf7HZlFtMaW4="}},"xWLygsIj4Gyp0jGlKwCJTjp9b/jbzbk88lGkXIsVOuI=":{"valueMac":{"type":"Buffer","data":"KCFMD00y+kQBYfUScURJOmj7mMomqhRgvZSAc8zqKso="}},"xXxhbe7cna9m+M8sUQFXSgMOkK8zHWK41Pagunm0swc=":{"valueMac":{"type":"Buffer","data":"xs21lWXo2FCl6IAHJ3BLJlqhm/ZPBdVMgnc5g1jNQvE="}},"xnZPhsd06dmDW9L/krmbEg4u6Gktz4xS5jHl6+GX8JU=":{"valueMac":{"type":"Buffer","data":"KGYQWqsLfR32zOTsnplCoA9mCQ1PABjQcLbuCCZFXiU="}},"yavYkyMtWvruUPZuciXutMxlOdunpSGXqcwCeSZ9Ozg=":{"valueMac":{"type":"Buffer","data":"VGIiFVJzNQhd5wHY8cxrK2Fl7acrxXv19rdWZw0tbe4="}},"yzisKiO+sCzfPU9RXswTXKuYcUV/PW8OMRqIlmbVQZE=":{"valueMac":{"type":"Buffer","data":"ojFvIZMYUVNVqhnMW7Jlx2SQ1bVyIyCB2Ur2AZBnGig="}},"y6HFWCUNmU5BdTmpvZiyxhBwVF712lV5lzqhmKTiJWY=":{"valueMac":{"type":"Buffer","data":"mtDhh8KcgGCrrjvp/NV045yX4yy0f0Qu6LI8H3tGYVY="}},"zHGY8w5YOa9lFjLrWDV1xBhuavo+oDRo/D2gmh6d5NA=":{"valueMac":{"type":"Buffer","data":"vKe0U2NXqnlCNhyGeqsHBdC2dygN/NuarLEyvtveYGA="}},"zH1NmP3sILbQiXOXnqrqYCkYmLJjkv2J79wcCsxTjW8=":{"valueMac":{"type":"Buffer","data":"34iayZB4N1mxrczwqgDuVFfoEbxHPDC5xYROUIoKGmk="}},"zPnMQXle965ccUQhibNWltztWoPBgvMxBVYgh7uwj0M=":{"valueMac":{"type":"Buffer","data":"SwTf0jz7GLEguZP0uhbRvOB2G451fow5R4XDH91huAE="}},"zhv5MAYULhP0aec7bq3jwm/ULcbcVHXYuXnaWi9EsxQ=":{"valueMac":{"type":"Buffer","data":"I0lNXcQAau1vcYT5dHZfPZM5fVCtAklwZz8n0w3tT/0="}},"0XKYiPw9Hh0kNTfKg+yQvqTe3aAnCrfTdQWCIv4bM/c=":{"valueMac":{"type":"Buffer","data":"lDPuOMRRZKOSoz+rIOVeo5Cm2yVGLZTuORVyujqwJUg="}},"0kI436nYJJ2DTiCzHoQN6KGu/zBVT8gNYGOAd8+C1Z8=":{"valueMac":{"type":"Buffer","data":"W3qpk5/H6xzRfEty71EN3yLRYaxOu3I5h+DcGeNcz5U="}},"0m3EjiWxJAbjYbRTzQRXM5xKGiHyDvk7Kg68rsAsjiU=":{"valueMac":{"type":"Buffer","data":"u8Uc3jAgQ0T4bn3ejV8S/8NmHNz4huGpvVYhf3UD5+g="}},"0srIOfKcmDWdrs7vL16a4gtKWDmMONVaE8f/eE+7XOw=":{"valueMac":{"type":"Buffer","data":"vpeh/FspNHbfWpvXHMx0tgxpLqvlI+Vb20FU+t2D+VM="}},"1DAF6n4jGaoAcf6nXEWYsw6NHRH1tJ99vJ0fcg7+PsA=":{"valueMac":{"type":"Buffer","data":"cM2zaJbI4ELw289F9nrVmL0A9WL3faPShK+dSSHD9kw="}},"1GNrhrKaNb2iiSkWIn3svGY5oeeKpdeRtg0XWTtr7HE=":{"valueMac":{"type":"Buffer","data":"/mk2+DhYKjaTLFiNT7dhvckHFT8moGp77KQX8j8s0oY="}},"1LuzKWRrJ7NDHj3ZSiPHp1etS7YqkMwgGdPZJlnL+Ik=":{"valueMac":{"type":"Buffer","data":"YbrQ9wrpsCCc3pV38VKyBNAHDICjHBpPpWRplLyiVFM="}},"1iwxAvAsQr9VdVHN7lxHrTaJ1isi4kgffgtzYffUQcA=":{"valueMac":{"type":"Buffer","data":"Oi0duYQukzAFlCl5Jp2gwYOUonEELtL6T+FefAPXPnw="}},"1kfqnMOGutJ+AMUeYV9wVju8uqXYUlGeubhcq47u9/c=":{"valueMac":{"type":"Buffer","data":"u9GjTuLLL177nCQHT94Ur7RbJ2xeIrMsHHx7y1Ga7yU="}},"1w0Tpw5qfgyw9IygOa8eJC3OstIXkzYZMLSSmtwdYnE=":{"valueMac":{"type":"Buffer","data":"m5VHsR9ld3gcr6X+pBRIxNVx2efhvu9bLCVMobEXyr0="}},"1zcqt0qYxOpHJpAqIde2ufDN+SgnYOjYwzpIwzAyDxU=":{"valueMac":{"type":"Buffer","data":"mAhOcX9plXPfkfZOwShHdwbJMprsszj5P2AlTUZYFmY="}},"2IIxxDdhJIKc7oHKM7JLTnJg4qb/4zKF7VsqyJoaMgs=":{"valueMac":{"type":"Buffer","data":"rhRYDOmTqW1ErkxSokKcceLXKucFLKB3BiTnZNyruvA="}},"2MOupbi0PC8m3uf/O25pw3Io0W7YIPKRk/ld+5ASMuE=":{"valueMac":{"type":"Buffer","data":"wSE8CO0jqvWalYHM8gNq73309BRKdBUwYXhWfC358kQ="}},"2wCxV8MAs0eAcvJefuZhiHu0BAIFNJR7KQ4H6CvffHQ=":{"valueMac":{"type":"Buffer","data":"G210YXqA4WGjbvZ6AvD2KeoPKp0yCbldy6EYcSKB2F4="}},"210FOPD37AAfWdc1wpp0qxQCKtaZuSU+mQa8wQKHozA=":{"valueMac":{"type":"Buffer","data":"KOPxlAv3O7v+zsAKneJRbLk1/2tuxfN+f3p4V+mdrz4="}},"23GOdEnFVpxgxwcUl73ZU9+lLPQfSv4RVlq+yLSa+HY=":{"valueMac":{"type":"Buffer","data":"/ZKxpIg3l2WrQQgyf7BXYvgvub560Lj2zkeCXIO/x+E="}},"2/FwAZd4yYYYamlXKjHyInXBiDMd/++6SObf51NBbwc=":{"valueMac":{"type":"Buffer","data":"qFMHoqufdC9RWi6QWU245LreKvCP0xPikwl0p2ZYsIg="}},"3L56B2x4WGFGdncyywpZcxQTLKH+sMfVNH2d5C6cnJo=":{"valueMac":{"type":"Buffer","data":"4BQpJNDe9Qh+yDzt5zDPegXKu4xjCO7dXHI/MmVU6vY="}},"3rTu0q/hIgjW1r/5oCxs8vTO6SCDJeWJHH9qFaguZ6M=":{"valueMac":{"type":"Buffer","data":"SFVqPWHOrBdTK8e8h6han7oH9GfbyShUnxIvYa9YVQM="}},"4IEfJ4qpPQPnEB9WlbTCuOPb2BwQxqGDvcMgVvOgJ/Y=":{"valueMac":{"type":"Buffer","data":"0w3QQnbbyeqXuztSWECJCjAlBRsyE8wHHU19ataEU98="}},"4NKJ1FfYAMFmu2PPcJj/xJqZokgwamPgC4kF5yvG380=":{"valueMac":{"type":"Buffer","data":"xVdB1zAzXrtKlUM1DsMrgkDFL/HBk8rdwe1x9NEa2r8="}},"4RfD20IB5u5YJfWyzJLXDrs1CFg2aPp5Kkdsa5dNlmI=":{"valueMac":{"type":"Buffer","data":"z5DJ6Aqa2DUZ/lzNM2ZjBPXo8iADw+MwqTecj3KRfOw="}},"4aXk5OcMPXOrwWmIUY0DOoOyCuBprEXTtfLnyYWz1ak=":{"valueMac":{"type":"Buffer","data":"zZz6SJVi6xuWMXdhahupPVE5M0s+x28NfZE/LdJMN2U="}},"4e4zbQ679IUz4AVc1LrDuZN8cjAwW5hqszcwbeBCfUs=":{"valueMac":{"type":"Buffer","data":"MxMiK39HXAf9aGcvNsukFcubT+b8ZGplNN/8GvMPyDU="}},"4m6Arvpu5lzVLxJyNPQ+gqFOo1Vf5ixVtPPYk8IKin4=":{"valueMac":{"type":"Buffer","data":"CnVboRDKntcF+/oT+QbW68bnl0o4Qf2eY2OCZXJoITI="}},"5DXbIhxdDydhsejHKu27dlkLhpgPADrBZatHiX5JPzc=":{"valueMac":{"type":"Buffer","data":"4+mqqHgiUA5bYjgP5I/wFrMkMs0GToHOLk1beemnuso="}},"5j5s7rWmMA9SdA5KZCJXKGm7P7QAHAXyJzYHbMx1Cco=":{"valueMac":{"type":"Buffer","data":"YDYEfPvqftBU4E8ExeqqT/I19p1dbo6XP+qKTiBk5ks="}},"5l5prK36bKjM89Aq7lcDzEF6MFRV7Ay/oQdr0dIn4WQ=":{"valueMac":{"type":"Buffer","data":"Sq9HHNVG5WDeDfLf71NwOdcNPoPBjozddsnCxW0LpO8="}},"5qI4zA/iapXbBQ7f2Sxoek5DzGbyHZlexSR6pj7PYqA=":{"valueMac":{"type":"Buffer","data":"LWsAzDil8tgA/ScBM+DuZiHXPgXPRdjcCU86N/PSQl4="}},"5ruihlSNOML+aa5Mc+FvfV1gpcQk/QXZxyi0qxt+8Eg=":{"valueMac":{"type":"Buffer","data":"eT06MzflnPQ1rhtDX6K/GI5BEVvSrj9iatnZG2xNiA4="}},"5xgAd8b6hlSzd/1Kz9AfLoZyyu+7er5U0ABj4pvHm70=":{"valueMac":{"type":"Buffer","data":"M+D0jKehdAtvWkMskOZrO2JYbDxNlNzUoqaW7djm5RU="}},"57kpOY3nUBDPG58ABPJb8hpRs0aF3SufDyQEfF655dU=":{"valueMac":{"type":"Buffer","data":"LgAttjut3H1Leb28w3VeYpGR9U+gvFRfPEbNoqhx1cY="}},"6CXQuiJEIx9t0OLDLJR9rTSZwZN78MDzFGfzcn9Puc8=":{"valueMac":{"type":"Buffer","data":"BZ2sr2JivZDeZH3spxwTquO7rTLCeUQYdsm0I8rnCqM="}},"6Q5PV2joopqE8qPiH+fYHqZ0HRLsyVpjaGStkvp3eNg=":{"valueMac":{"type":"Buffer","data":"ocb0z4Yig8cMIchNaFFWEUxAEfP/1e9jns7Gzl7TSRY="}},"6WSlLBwMj0NmAIppIrXOuvhNWlFbemYPz0JpgbkaWs8=":{"valueMac":{"type":"Buffer","data":"kEsjfHueCqdLvTr3E1APo2pzNRhMPhvEYT4v7+SO4W8="}},"6yHWewKph5LcuWnCHi7axT1KzpAyxie2JjOwil8ys68=":{"valueMac":{"type":"Buffer","data":"nl+KdeG/ih+pJ3QFVYTyNSER7qKYklfvgVSh9PQeBIY="}},"6/IcZsGn8p85Ti2KcXluov0CGku1vMf3vHjt/YhXZxU=":{"valueMac":{"type":"Buffer","data":"NzTWWFjBQAT8Iv4sSxC0iC42AlgPit1Z+1ESKOi4F8U="}},"7WEZ8shWtKz27lb9kKWXUMJ9S9LAsxjft/mFm7vu6uE=":{"valueMac":{"type":"Buffer","data":"If1a94H9k4M87fVI66CHXX9XSPXm5E67EDQKPEyYfI4="}},"7YAi7/OmuO7ESJ1JL14Gq34BhKZzBKR/8uamDZBUSqc=":{"valueMac":{"type":"Buffer","data":"n1MvJK8ir16r/O1Y+o0UpduA87ivey/M+RUaXLpHGlA="}},"7aSGY399YoMgwOack9picH6gdSj7uUNr7KBrNYHjnE8=":{"valueMac":{"type":"Buffer","data":"o9tuRrgQvClhBLHTRzQxW9gSsNIAt5vDyFZ35eBEY6M="}},"7ai7yTqPWnrKwGyQI289OSGsc01g54+UThywOKnGBzo=":{"valueMac":{"type":"Buffer","data":"o2gBCxxuzKg0PotfVe9Q2RHBK/mBvcSXBaPkHQyk3BI="}},"7jxztT9kfDVED/DZPp1YgivBXn8txaDuzjzCJsbWbHQ=":{"valueMac":{"type":"Buffer","data":"sVTCBzi38kssZvZ0Dq7VDV7xN8D9+4ZyJn/3Z65CUl4="}},"7pU2XSIW2XSgzTHj48xQb0B+nD5AoBxcgRQ3eIbhpys=":{"valueMac":{"type":"Buffer","data":"Mb/l8tHWLcSDFQsxjfFyWLffQMwMYL70MZU3GAhncMQ="}},"8H6s6HJr9E+7uUTq2VydSjon8Kx7mYRfCztoXIeohLs=":{"valueMac":{"type":"Buffer","data":"czzipBvlasZcdYpPCYjnD5EFpumo3PZfTQLGhqd7L/Y="}},"8MZ8uSXE5ELxzHRkVxS16Kp+Tj9DEalj8yW4bNe3qaQ=":{"valueMac":{"type":"Buffer","data":"MynS0+e3qhMTd5bT9zQggB4I38tTPHG4SweRfueE9Ao="}},"8TdZX0H0KLcPisIDFJaQHI0XGauYAewsDyzQp0QxQ7o=":{"valueMac":{"type":"Buffer","data":"9FS+4dDMNsqMZyLUb84g0UGU2Wjpx6z6KgIxTbgZNCs="}},"8VvJSecLqzMzV99Eb8o6tCX04vij7CKrCCZc/wBq6S8=":{"valueMac":{"type":"Buffer","data":"DLpaI6Dz02X2amlNPLiXaKVNP7YPrnVtL21b6j7cLO0="}},"8Xf4Rb+y9mQaxOHB4G4c0vjpAivtY0AkJGM/WowTzUE=":{"valueMac":{"type":"Buffer","data":"dr8tn8OTZCyhlvg3cdg6R2lfT4PV8by1YyX9jgp1p5E="}},"8rYl0dIlyNKjQbHH/BnkI7Lkj5vLnmUlNz4svd7elyw=":{"valueMac":{"type":"Buffer","data":"9FHIbc8PSPx9pJb0dnCg0Dgl5sdK48VK7bkKvgn1iWk="}},"8xqEeZEG641/INQAOIbdTqfvq07Mr27xfBCnIp70rdQ=":{"valueMac":{"type":"Buffer","data":"v9pc/MWGVyjMvYl6f3eL3MOQend5BDvlJuYheuh8zbU="}},"8x119+kCFmk9bGtEHBDBEdJHdYSMQvXZYIpk5m0YSns=":{"valueMac":{"type":"Buffer","data":"uq2KSn24fbfCgkvyLCxiTi8PBtspJjasq24nD7bv0Yg="}},"84QTPJsiHtAafPTHARDq/xf8HD0G3R3K0VQZhm9IrIs=":{"valueMac":{"type":"Buffer","data":"K3h7ETJf8rjyCn+IhokcFb2O6DonDdG6LYaasabAa10="}},"86vett37TR5ZhdVjyafIbBCSQnD/zrDv1vhG+ItZNbE=":{"valueMac":{"type":"Buffer","data":"nqUzVTmxK5RE2NG0WjHI8LQOagP6J4AoOBlZTqa5UtY="}},"8/E/Elq4m8VYKyeHEGMPQUgpcGxsqALMME89YBaeocw=":{"valueMac":{"type":"Buffer","data":"bkQMJv+AhAC97ZghgCJDnjNm5VII1hI2y74z7MQQMM4="}},"9Q622f4v/2ph8onfftLXqab+CAmmDsnpPDqQQecx1sw=":{"valueMac":{"type":"Buffer","data":"tpH49e0g/uIX3OUfbTqTlLWl+ucCPuMLPH65yYkNM6s="}},"9U0Z0e9pNuWTZanPtmSrBes8yT6PwT7DMJAdmsvnryk=":{"valueMac":{"type":"Buffer","data":"QYbi3UHWDocqczQvE9LSR5gtcQySKesx4iwh0cyH/Ts="}},"9vRkD6mf+6YF19uq9fns//RfbMBYLvKUEJoZFOUuF+0=":{"valueMac":{"type":"Buffer","data":"jHC2M1aNfzAkbm2cZPmd+LclI4b4QYRocG/L2mN8eMw="}},"9x0ydkfq5qROVBXfyzt4hKqN/QNTZ/blVBnV9GdoqG4=":{"valueMac":{"type":"Buffer","data":"dNjcdngGMbLMSseJe9zwYj0U7MLJ4l9oc10bZ+goXgU="}},"+CIK/33hmFEG0rMRrcAbRVXtu1fhSJqq3GijGBTgyfQ=":{"valueMac":{"type":"Buffer","data":"sOI+Ij7z4COb3JIIhyilqGzBn8TVhz7W/Sq0o9ton1I="}},"+K9QHE6UNH6QKkzmhKcAKEJ+uWnijsmH4Ch+HSnKO78=":{"valueMac":{"type":"Buffer","data":"7fhqr8KnCpclmy4Ei+7fKhWgr63LiC43Ntx2IPXeqfA="}},"+SEcl6j5Ik4TVS5InpKqI4k3D2qZzQEQWFdWW8UbBSk=":{"valueMac":{"type":"Buffer","data":"QOTnroFwkmANQ7vPsUtJ7rQ/xC026t15Kj97NPBFiI0="}},"+h9di9HtsJ5rq4paOFTQ2uLKWAuP2MOBZkiji+GzqmE=":{"valueMac":{"type":"Buffer","data":"Z430OH714EUNtCElexgt8CzxuGkSKziPSxC1Dtyrso0="}},"+4MH8qoj+WqDV2NPhlL5G70VDPVAVX4w4jO7Tcj6WAI=":{"valueMac":{"type":"Buffer","data":"kws/xFVZN1un7gPZ2ohq96F3cFxsQVjlmXZ0GYhdhPc="}},"/JcFwlwm6YCc6KsiNYkhbi4oqrqzy7TBx7BeR2L5KHQ=":{"valueMac":{"type":"Buffer","data":"MKkCRYRIgYfO3ivsHvamJ9w3qYt4k8bUziUPE6AbcNs="}},"/e8VTgEzWYyuDZMFsahXYHjQpQcl5vfbvWgUFOye6ho=":{"valueMac":{"type":"Buffer","data":"500B3eFXWmeq/2oqUqmilnKFEoEpLpSLhn+JlFRcnvQ="}},"/kdtOToguLZwiQKza8w0AO+UufMff51ow39ORqL/eGQ=":{"valueMac":{"type":"Buffer","data":"Fn+uFgcwYXLvJOF5KDU3EFKdSE9CsMZzsI19CyO9aoM="}},"/rng1ISdeQWTtiltr2Rod7IK0mA0xqOaGg/sqJuOMmU=":{"valueMac":{"type":"Buffer","data":"IKHzFjx9TPMwlboF4IDG/QcfY3ScgDYgzUlo4ew6luE="}},"/uf1mTm3B/mZSw1wYrg+oN0xM36l1xUYZQcIy1L7G90=":{"valueMac":{"type":"Buffer","data":"MHpxoZhR9Qim57MCdlfTGGeN/w3PfT7rJbZk+p0so8Q="}},"/7TUGc8YVQM0luc9Z93C/QVIqe94+t6VVnqGYkWSk2M=":{"valueMac":{"type":"Buffer","data":"O6usBD6OMdlqOtuZTMWlnNM0DaYZNvGGmgFdSrbOMbU="}},"ArdqxCEAzyqaK3Mi3yCOJYgF+0OHMIDAD59i70KFQ2w=":{"valueMac":{"type":"Buffer","data":"Ivk43OZKKQQQVUXbzhvtuvRHXMaRncLXHA6BpSgjjD4="}},"4B5nY4YK/nl0smzT52DGqo1EqssJchDl0k9jAn5SocA=":{"valueMac":{"type":"Buffer","data":"mh12x4dWP/ScxUg3KeKKahz+RlFRo/HpnY945FCYJ1U="}},"ht524pbcil2My9QCgPBCNF+0phJ+uW4G5TDY+51qxQg=":{"valueMac":{"type":"Buffer","data":"lptm9jLykv/15UFSmmBU/Sy48yGUEhV5LWWzQeCcQSM="}},"ogc19O+Jsobiy5LPykZHafKiae6jCjRjikWEekwv7II=":{"valueMac":{"type":"Buffer","data":"fBzQb8jcnDCtJm1UDf+bIXFQnVc5DPdsRPR9wccMlnc="}},"uwYZRLKTMzn6IrwQtDjnzUUO+BONppf/J3EhFONUYQU=":{"valueMac":{"type":"Buffer","data":"c/z8nmiNwBcOm4J6TV8hrVvmP3Yavr7pq7S7VUkl6b8="}},"mdh5IgeOPQWbFAyzXVubzpfuQlsybF2Pg8CIt7PsaUA=":{"valueMac":{"type":"Buffer","data":"yrLce5fOPeGHwtyj5mkt/a5QykBaTYWeMwUBYWliDsQ="}},"ug72iJfmNddYcom3oU4bh3jpgmlJK43aOhECJnr8WzY=":{"valueMac":{"type":"Buffer","data":"0Tl23inNR9K1bXMAkgzz2z6IRw5s/La9Vg20wUCq+pA="}},"Swgsoci1+Jz3ttvQQGp7Smkj7Q0S4YYFZh9W+6bfX6Y=":{"valueMac":{"type":"Buffer","data":"aidbLQ/3IxHkG40NGSeKOelKSPwjVmtlUs4hSdFWzTw="}},"1sumFWYCR8hj/6FQ1ah6sAmKURsRiIbR3qq8IkXfP68=":{"valueMac":{"type":"Buffer","data":"hliC+eaotwKhmgfRkZFj5og3FXn0w85y0j6Wo7Z+c3k="}}}}