{"version":49,"hash":{"type":"Buffer","data":"lZCDOhhPOdZKeGSA61iPKrZTfMEs1tF15pEjBBHTDHc/u67GOuT+5t9Jg0EDiuTHvInW+tQdPmXJ2hYAtHSaUzj3JaVU1fPjAclJBFS5qQ0TAgBakpGOQflKwbfPZQuaExFJIKBdHDqyynJtBhus8Zoob8k1jjUUrQAwya3N+AM="},"indexValueMap":{"EfTM/BNBUHV39W8svA9wteXhyAdxAuMA4XpQpss7f8g=":{"valueMac":{"type":"Buffer","data":"8IY8fZ8qkLmbYm9zipdrAcKwgSxsPHXctIdjRtSJqHc="}},"FpXyWRIHs/T4onoP5yUKQSBAnTkYJW77TuhCL1lYuvQ=":{"valueMac":{"type":"Buffer","data":"ndnEO71CHGrAegwLMzjyuMQr2zB+0oKumpG6kLkBN6E="}},"H5VNjjHj/vNQ6BJRCZK81Wx3+04k2Dyk9aGkyOOCsgI=":{"valueMac":{"type":"Buffer","data":"oQs6hx7Bemksl1ixVK5y+FhVIKu2GqfnGu8XpwlAq5o="}},"JX9rGpAZ23QHv7ZaK45WFBCtfYQNoivDS4C9P63VwBk=":{"valueMac":{"type":"Buffer","data":"iyfEHiMcCohBCCLjirlHcce3u8g5I8eqYg8hEPdk2zo="}},"LgMqcYkeAunvd64egjaPMJ1oWFtfzDkshv4HnRaM/Bw=":{"valueMac":{"type":"Buffer","data":"wao/maB+ou9K3ZAcHucNgP41FgiLkUxsPt/bq5MEq+o="}},"N03g5B8hSDLZf3XS+N6fOqN8oUnDVuBVqhBTDtRsMv0=":{"valueMac":{"type":"Buffer","data":"qVnXZiqA1vNYDep1YsGba97AwPVVBUiwM/2gypxHpYY="}},"PLqygqO3HOjmdeQeY7HM+PJsN/XBFSrL5XCeVv8U2kU=":{"valueMac":{"type":"Buffer","data":"ZvnVn35F2+uKxLG09bEziY7EFf3Uyk8/ZsPEzh9Gsz0="}},"POF8Est8vrDSB/G966f+oIwUCbtPMOb/5M4hUBwTsmk=":{"valueMac":{"type":"Buffer","data":"QDU36i/HhxZI6On3kGGLNjAENvIv97z1l6a7z0Qwyy8="}},"RMPYOh9JbRKOUaVHE1quwflKhivAh0GArceNDKSmWJY=":{"valueMac":{"type":"Buffer","data":"ZGuk1iFA7VxloA8xZC4gJoO7UKRg6n3KNeTijT0o7Dw="}},"XgkuFHUNIiW0NlLXXCp8A0faANLnXe1/jQegKkO7Xqw=":{"valueMac":{"type":"Buffer","data":"xyQv8Ra0enz8MiPUV0cKVhguZw96iwHF0EmlwKZd8pA="}},"Xok89QsiQIE9XAc2DVe+xFwvmU9WcyrSYtieMfkV94s=":{"valueMac":{"type":"Buffer","data":"VtKpp0LEBDyo2bJEAwCoAd1pnBhe8n7snAq8GQyi784="}},"aFrUcmFHKvbmUkd+1nsMdlbbZqSDmgbHrSCgVoSFvaI=":{"valueMac":{"type":"Buffer","data":"0uvzEEiYhfLq+uMzp2HKtcLAixmlzgsZzZenOKUEI9Y="}},"aQ7Z/j/rQu8gbcI3EUiqNbUpiVds1v1YoD84isaV13c=":{"valueMac":{"type":"Buffer","data":"giXCklSsy+Wcpj7mkMgRUU5PxBSPvMkoCYPZxuxInrU="}},"a0MqsQqlyzqbH/DIojHmFcX10sp8nkNeFLL+EyUaK4g=":{"valueMac":{"type":"Buffer","data":"UY/tKrgHnM7VJQ2dV6nM8lFc6gt6ocCnE2xgFr36C/8="}},"dAc8CyEkIhCc1KmaK+zYiH83pD4DLg6Dxib/DmdS4qU=":{"valueMac":{"type":"Buffer","data":"5XbCFoPet2RoorG8bK9pu+5Cjzm1pqpM8ZvBlscjU8s="}},"eqhvO6p0iLT1+doyYHJlACj5bgM3msVbCA3uaWlc7dg=":{"valueMac":{"type":"Buffer","data":"BOh3MhiWib13zxyZoLjaEMogxn2QOb7lASzQ8TBr590="}},"fBviLIbiM+bdjUwqC9QA70H5zlUu0d3UPciDG6F1B7w=":{"valueMac":{"type":"Buffer","data":"DZfvnyyR7kbJvMqg/7+ZwZ8x2PUfAZwqSdLlzcyBa/s="}},"fu+io5CK9SS+gj573MYHXzsHZizomMlduqqoqDb/vIc=":{"valueMac":{"type":"Buffer","data":"Szzsaw0je00UVOJgMuL86Pqdub5U1iAZMT/eTyMGL+c="}},"jXqDPWzyig6BPPsFJY41XY2ue4KsdJ0iXtdqFg5zBjw=":{"valueMac":{"type":"Buffer","data":"EDYFqZFiUQW/1iNPTapn/pQzERy8CNQXhh+4zK+mWh0="}},"mcsM7NrETPiXPxI9o1gX0hB2AhRbEhFky9Ty8FLo2Bw=":{"valueMac":{"type":"Buffer","data":"RnqzxMGfaGu4X9OUFN6UkR6+KVcZh7zLDCWwR8z3AqY="}},"pdDYlJtSuWMwCEpdzQyxLent0Ymm6m73UGlVXE4rwFk=":{"valueMac":{"type":"Buffer","data":"AOycse5Qy/Xk1WCMcjXJKnSmtFF8s/JMn3wPjGuNnxQ="}},"taCKpRA/J2ptDyFOvptzUIgPlVk9iyYRo/IRYXu6zk4=":{"valueMac":{"type":"Buffer","data":"BlA+pX1V/xrBy+mV4+cM2rzfn6KzpKlizoUKGH6tQSY="}},"ubvsnh0WQdR9A2EBMjyI/jEBwcM1DytxSchAJ/d62YM=":{"valueMac":{"type":"Buffer","data":"RAxrRHDZRWy6JqTSNA6kQKNi8eBZ6NaUkEoKsiid0Ys="}},"uk/H4n21cbi3S9M9upE+nYahvnu17r/0gTty3MBbN8E=":{"valueMac":{"type":"Buffer","data":"eyOr6dy3EjyZk3Dg19Lp1KeCtmaGxGFt3z6dxYMTv3g="}},"yqQf8WgN6q6wSzUGiBQnx7llbkbiTsPp2th7+tvIxhs=":{"valueMac":{"type":"Buffer","data":"DDajcIDGSkBZoLUWM+C5UhxPvjbTU2i7F0hVsku4bog="}},"0Px3AEu+JKdRY1xJnpSb/9vRHZ7PGTaRD5ClJZ6GbRw=":{"valueMac":{"type":"Buffer","data":"cZqq5LD4tgehO2stTq4ZKroO0QHeU7UwhvHj0KyEKMc="}},"1DmxIrEgLxceZ+GXMW87ptrfshxw/Af/py6jBYmCAGU=":{"valueMac":{"type":"Buffer","data":"u338tUTzrXn6rNh0SPmOa1CtavuwFJBR96OXGzs5qz8="}},"1H4BOEc7D5Q000Fpysm+z3s2L1neMavd8Q9+YdwDF04=":{"valueMac":{"type":"Buffer","data":"lUXLZOgqezUswaq1Iokmn94dGrTE7hnJTEU/T42ihUg="}},"32WrpSJGGdHLjR+I+YQn5i9iZVEaKPL1Af6NrC3mvm8=":{"valueMac":{"type":"Buffer","data":"Nz0RX3m7kMl2RDItrfC7n9ewO0zK/8aOFlOhUVxowLo="}},"4NrQNnnjJBweDNDeUUecIkmgDu1lNXbfxnRNn1YUQXw=":{"valueMac":{"type":"Buffer","data":"YACpfZqrFftcZO7XOKBn/8681oNBQil6du5b57rNBgI="}},"4nSZLJSKqwhv+nMgDASHm8c9hECxWx9x5JCjBb4DjiE=":{"valueMac":{"type":"Buffer","data":"Rt4ihNgDd6PxpBCGD5PAQAu26o7kKPv9CO7x20MzJHs="}},"6WU3H/cuq4IIubN7SHVjfwJ290Dyj03xrVWu3RcUePE=":{"valueMac":{"type":"Buffer","data":"Ey6fcdcAt7CvAwXvqK1MOBD2JLXH62OoRECgjuq8w0M="}},"9nf9sE0/+QZ55gzCN7Bed/KLHsBtLtQO1piPUmvrCOE=":{"valueMac":{"type":"Buffer","data":"l3crovioG1dRK9xQsXSYN3W+SKsKk0aDTFUy/qcVyLg="}},"9/XDB3X83F49h4kGTo2vmvNjGBWabSnl47UqpwTbVYc=":{"valueMac":{"type":"Buffer","data":"zOEfDxdrg5Mq60atYa3KWeBuVk6t9pnZD0Vt/4l2TLg="}},"+S8K78CQGtWYmKhn5nV3t4aY7ww4D9Lmv81H2tzYVxM=":{"valueMac":{"type":"Buffer","data":"7svY2zwgC/W6PceH0kDuMKII+DV1hraztigdag5yiDE="}},"+xWhjml739o+PDL89CcpRkFafVLwa4Sleg8d7WuOpWA=":{"valueMac":{"type":"Buffer","data":"ygWU02LM8slXxierci4PDZh2pRGVD2nvAxCC+/cQYVg="}},"/OFE6yQ6qG3yhfWbBAGGmq7LnwEm3eG6RPPPOzBXzD8=":{"valueMac":{"type":"Buffer","data":"wUrl2EtKkp8GNrbWkQ3xQjxEP6pupqbQg3WvRWvUMa0="}},"//P0gyv+PlYrMcPFzfH0cTHG8x+G8e+IR4DvmDZVJ+U=":{"valueMac":{"type":"Buffer","data":"gkWdoBDsEBSSOFRfhGDo0c4RAOI4HqyEFTRMS0/cyRI="}},"cICmYkLEpNYuFTfWhsw5tKo9AJyM+oZNuTpJPCXG36g=":{"valueMac":{"type":"Buffer","data":"MxLrPV3ytpuVJRejKYDcEpmk+N858FfIOhbewDIpyDM="}},"sBpK5NRi9KlxWYwMHjm8p0S4LwbrQ5Q8NRHqw/K7p/M=":{"valueMac":{"type":"Buffer","data":"F3m1yRNCbgpLhwYyuZEZagwp8wAV6eQbRSdOEeI+4eA="}},"q17KRfg2UXVg2062KqpRwR90iVPKbDUBL4z+P777sq4=":{"valueMac":{"type":"Buffer","data":"6luF7TS8MZJUTOOpivaZ7ZQR2P0+BgEW5hYIH22TZ5c="}},"WKggrgBgDJn/XI1leA4xwpyIoQ6JEddk54FWLG54L8M=":{"valueMac":{"type":"Buffer","data":"i5sFDUn3a1jRNKlAM2uk8XcsZpWikkAi801WZdzWB+M="}},"HQzU6jneiF/R4E7hYSWUZYjXbuV0ovo+lX+kXgtxR7c=":{"valueMac":{"type":"Buffer","data":"WzQWGL6NW8/jifVMs2utu5XLN0gxZ/YfaczI3VlJKL8="}},"4RTKb5jC5M3IIp2gEwHO1nY9x06olPr5kKkUFnTOySk=":{"valueMac":{"type":"Buffer","data":"pqYUF5K5cQNHTPH05xiXvq0IqRdSO+MW10P3H4wlpX0="}},"qD3ACF5EsKZ2WiIlZW+8kVanYts302460jrwGfZDTLM=":{"valueMac":{"type":"Buffer","data":"dX28VXxdWjKPy0UP4Olw179YJs/VuZkOirrsRF0LPM8="}},"+jUvZPqD7F/nqqI7mBXsgfcCAu3CF7tHpWor8goi4RU=":{"valueMac":{"type":"Buffer","data":"dj1ky7XwKvlGfVIJLGVQWvs6/pf+L68svwz87YrDVm0="}},"HAtXB1jUxHcwpvCzIf+bZxXj3Si5J5c62rP82y5VbQ8=":{"valueMac":{"type":"Buffer","data":"1/MMSQCzyMegVBHrZQ9b+3Hzuwusj3TZYPL3SLSqyAc="}}}}