{"version":9,"hash":{"type":"Buffer","data":"9hQdmFhnZtEQHSS5yUD67x6s+doxbFRmFfq2UEz0WAhVLL6w39hbyZO4Ef4GppwI2F8J7+mnIGMtuejYTsHAPM9TazvXs/JJdjhm3rDWIK3ELhGMursH61DYS8oB9ui0kEStm+pU090p2oDkVbQwISePG0fXL4gWwdprX5cOUsI="},"indexValueMap":{"XjdNs1D0oF3mnzEtYlnTslS2zhtGglQxjSVhgHNTKVc=":{"valueMac":{"type":"Buffer","data":"nFMs7yQSkF8V9KAQda43qXD1/FlhUiHuyb/G2GfWUKs="}},"cv25gpeXBW8KkycISw6KiiYs64vT2jKVb1ND01RpxMQ=":{"valueMac":{"type":"Buffer","data":"38UFvpvReOWOKELIaXhiPTRc5KKygzFVYRqaNkSrjTY="}}}}