{"version":14,"hash":{"type":"Buffer","data":"qXd9F+N9mTIxUNM6OiA9GQF8A3BYIM8xyGx10e9/dvVmDn2NuCQQfX+V6GDiJvk4ZzVeHUnsLbwkFzoxg7CkIVqwVrjeAsY6JRkpmt2c4NfrrznrdbhFlXxZTJeJcccn9etJrmOBr+fkRLt5xD5rrhv4O64rKcHi/q9y7qTGcYQ="},"indexValueMap":{"GwS8pSFp7crHiFqEAFPqVoACGOLHERWoTRJhUDoBqfg=":{"valueMac":{"type":"Buffer","data":"Cdw18pAmKYS3jDIsB1W4SnqsPMNbiD9nT324cxyFgFo="}},"KHFcTGeCEHCX31iM28UjV96LZ2xQm5WeafF2fZNrpUw=":{"valueMac":{"type":"Buffer","data":"7DilBJuWjpjctqT6Lf6LPAEuXaQ6N1gQ4kKgyR0I5go="}},"UqV2MWNZ9GS4cdCA2cuwfSkIx5pjufCqob2hl/tixe0=":{"valueMac":{"type":"Buffer","data":"yUcvvpcVNEYIG7P9GbTZUsj0wR8VmjlejRAlpuEd+5E="}},"95SBqTzU+AC03Z275GwMeegC1AT0L5h9/A3gMEQYUk0=":{"valueMac":{"type":"Buffer","data":"fRHYMIHAbYwTVQ6zzOYBA15ZqJNduzON3iwbLxh8XOU="}},"BfK5WvATGvveH4Ip0KaV9HpUj9uXxp0b/eJs/oyvvMg=":{"valueMac":{"type":"Buffer","data":"XsvXWOadRw0Miia4cSpSrHzNQ5WWyGJTQ0aiYtac2dI="}},"RytgQueUlpz9pJCkLu+5Qd/WrRGkpeWUQZU4+3b7y1U=":{"valueMac":{"type":"Buffer","data":"1KD1BA9Uak+VcPlXbwoPvuMVSqGvPkbcpKilpof4N+o="}},"wl2oskjmnJ9yXJzOk6kTeaeNZVKopbjX47nmBz76VX4=":{"valueMac":{"type":"Buffer","data":"tU/io1JPUKrs9l4J9SbIACrJh07xDc4hLzRjJYpyk2g="}}}}