{"noiseKey":{"private":{"type":"Buffer","data":"6Ji/J8zcIPWxhGG7a5eRqQ7QdwMnSmvZBhyXAZirb2Q="},"public":{"type":"Buffer","data":"9nda7OkU8IA9c0phtrskZ4SEjvEytgyTU4NXgw3YGC0="}},"signedIdentityKey":{"private":{"type":"Buffer","data":"QPLytSnBYxQMKD782NwbT0coNpSK8ypPAhl0gW6iU3c="},"public":{"type":"Buffer","data":"FhZRlOgcCP9eNFg32morB41VV3n8RYGaGp2XYmqPwms="}},"signedPreKey":{"keyPair":{"private":{"type":"Buffer","data":"cPBRPdZSusELyIo7a7ZRdpz4buDijmAHGYQ3yGBN0V4="},"public":{"type":"Buffer","data":"t9oFYC7uYkrAk4LDG90Vac99BP37LG7cVSLKjfCPLWc="}},"signature":{"type":"Buffer","data":"8U/IhNZ16Ceyxwy4qVHabsOYdn3rl9UsAcgcvTGBEGmDzgvfkh6zOPzflwqpIiCF+o/bG3W17ikUKfDIt0y9jg=="},"keyId":1},"registrationId":84,"advSecretKey":"MJTNxoO8HNyrdQY/E6oyRUvqGnp9cKoPVXDs4Zu0aUQ=","processedHistoryMessages":[{"key":{"remoteJid":"554984094524@s.whatsapp.net","fromMe":true,"id":"823EBDAAA714460A902BEB8CDDC9F7D8"},"messageTimestamp":1687802697},{"key":{"remoteJid":"554984094524@s.whatsapp.net","fromMe":true,"id":"817A5FD6A8162E945A5CC9E557BB60F7"},"messageTimestamp":1687802697},{"key":{"remoteJid":"554984094524@s.whatsapp.net","fromMe":true,"id":"C5CBE494852F1389E094BECCE0B318FA"},"messageTimestamp":1687802719},{"key":{"remoteJid":"554984094524@s.whatsapp.net","fromMe":true,"id":"A6C7C01DC475EFAEF37A376F5DDE9FB6"},"messageTimestamp":1687802733}],"nextPreKeyId":301,"firstUnuploadedPreKeyId":301,"accountSyncCounter":1,"accountSettings":{"unarchiveChats":false},"account":{"details":"CIWg9doFELum56QGGAE=","accountSignatureKey":"A1ebmbhXASVLI7m8GmCNynQfzhBrfuUgZMlrNnN7zB4=","accountSignature":"siuGULG7ofNI95uTyshEfwsjEXUf8sKpsbC2tQohhAI/wdOe6eMW6tL91d1DtjgJSqvZ03KgDMq0HCesIf39CQ==","deviceSignature":"xwW0OQOJoZhU5mLGc5mMYsR+KGCPwlhk4/xR/DxOd8iAkLZ1+o5zdbjxej8HTVXIo9f99/LIgeZdZPesFe3jhg=="},"me":{"id":"554984094524:24@s.whatsapp.net","name":"@all.juann"},"signalIdentities":[{"identifier":{"name":"554984094524:24@s.whatsapp.net","deviceId":0},"identifierKey":{"type":"Buffer","data":"BQNXm5m4VwElSyO5vBpgjcp0H84Qa37lIGTJazZze8we"}}],"platform":"android","lastAccountSyncTimestamp":1687802823,"myAppStateKeyId":"AAAAANmF"}