[{"senderKeyId":843238750,"senderChainKey":{"iteration":38,"seed":"bdWirpjb2vUWMUoKghDQfqnMkfAY2WM1MOMkSe1ld6I="},"senderSigningKey":{"public":"Be8TIJOi7K5WQ1FlXt6gL3JyfXMOi/VtsFNX4hXvIMMG"},"senderMessageKeys":[]},{"senderKeyId":843238750,"senderChainKey":{"iteration":27,"seed":"RI9XqD65cn4IIn2pPQZFdjZHExPKijgreZImlevaAQM="},"senderSigningKey":{"public":"Be8TIJOi7K5WQ1FlXt6gL3JyfXMOi/VtsFNX4hXvIMMG"},"senderMessageKeys":[]},{"senderKeyId":843238750,"senderChainKey":{"iteration":28,"seed":"FJUsR1ZrSiaQr1FdfTOh1orAjK6dAtaUzip47xIrYdw="},"senderSigningKey":{"public":"Be8TIJOi7K5WQ1FlXt6gL3JyfXMOi/VtsFNX4hXvIMMG"},"senderMessageKeys":[]},{"senderKeyId":843238750,"senderChainKey":{"iteration":32,"seed":"lECzDqQsRdFXG3h4vKiyLDar2w/V/SSkdTDpHL63J5A="},"senderSigningKey":{"public":"Be8TIJOi7K5WQ1FlXt6gL3JyfXMOi/VtsFNX4hXvIMMG"},"senderMessageKeys":[]}]