[{"senderKeyId":616314765,"senderChainKey":{"iteration":5,"seed":"9cThD372RfCpQ229c0h/o2MgEd7hRnd6li+DPAOiqbU="},"senderSigningKey":{"public":"BQ0WdEq3loaBIUE5VYn9IOJnP80TgfsyXDUg9EdKXmAc"},"senderMessageKeys":[]},{"senderKeyId":616314765,"senderChainKey":{"iteration":3,"seed":"M0nfVpBTwTMeSH37VC8Dk6ZENYtV0Q3qumSZjZvTxfs="},"senderSigningKey":{"public":"BQ0WdEq3loaBIUE5VYn9IOJnP80TgfsyXDUg9EdKXmAc"},"senderMessageKeys":[]},{"senderKeyId":996393973,"senderChainKey":{"iteration":2,"seed":"5xDovOX9FtpnSy8hEm8CQa+DbFoSpVTSqs34NoU3iz0="},"senderSigningKey":{"public":"Bepg2cj1soTKY+QzZxwHb8CtkozY+X/y20QBEaYXz6pn"},"senderMessageKeys":[]}]