[{"senderKeyId":1282860925,"senderChainKey":{"iteration":3,"seed":"CJH/qgk0elpyul4Ifppuq2f8O6SPL8om8vzfrY3+F9s="},"senderSigningKey":{"public":"BX97/QQszI4f+DzmNU5e5NyrIQCpcVf+/LB8xomOhv4l"},"senderMessageKeys":[]},{"senderKeyId":1282860925,"senderChainKey":{"iteration":1,"seed":"rY4cK767wFsajfZ4tq3YQ0S1Ev8P3TkpvvOtqBEJf9g="},"senderSigningKey":{"public":"BX97/QQszI4f+DzmNU5e5NyrIQCpcVf+/LB8xomOhv4l"},"senderMessageKeys":[]},{"senderKeyId":1282860925,"senderChainKey":{"iteration":1,"seed":"rY4cK767wFsajfZ4tq3YQ0S1Ev8P3TkpvvOtqBEJf9g="},"senderSigningKey":{"public":"BX97/QQszI4f+DzmNU5e5NyrIQCpcVf+/LB8xomOhv4l"},"senderMessageKeys":[]},{"senderKeyId":904476283,"senderChainKey":{"iteration":1,"seed":"ZKIlzqIIBIiHbkC8zfIIcueFlgZ1lxK1ilFwIMV08hY="},"senderSigningKey":{"public":"BSG6D0deF/+61o/sI93Pk5JlR6vq0+WfzTEXdCWQYpxM"},"senderMessageKeys":[]},{"senderKeyId":142927009,"senderChainKey":{"iteration":1,"seed":"tTBDLGcMZZUayvOSIQmM2vWJakNH29FB2Zw6JPe/dlA="},"senderSigningKey":{"public":"BZdGMFY18m7/BQ43L7JYj5iEdD8s0g5PIXkK0F4wTaFP"},"senderMessageKeys":[]},{"senderKeyId":1165002164,"senderChainKey":{"iteration":6,"seed":"v9cY5U8hso3j/XD4FntvIwipgNK0K8deMItG2iXrhu0="},"senderSigningKey":{"public":"BQfs4+bKXCMYOTEa5r1ynMUcDkAl7FICGd+X4B1PO982"},"senderMessageKeys":[]},{"senderKeyId":265167644,"senderChainKey":{"iteration":1,"seed":"EKJB3zpS407FjzNJE2PtWi53Zafbn6UELw7lx5VuMDQ="},"senderSigningKey":{"public":"BQAHT2SNdgq8yFWmtULbox6z9BpEnOKPuY2p+86YtJpq"},"senderMessageKeys":[]},{"senderKeyId":1046007240,"senderChainKey":{"iteration":1,"seed":"ytJ7LOHfNnG4fPPpyyesSP5OLClcE0RGmvGrN1HtLW8="},"senderSigningKey":{"public":"BZ4dD8VQkXOwBIPfD2/9cDdAgqLmKqzyiqouF0KoMEso"},"senderMessageKeys":[]},{"senderKeyId":1903894500,"senderChainKey":{"iteration":4,"seed":"5Cxz+xgm1yQQvqPZ9opE8kdCWQos1UtlEH/i7DOeHOY="},"senderSigningKey":{"public":"BQ/7R+mz0Baqdlc/y9hmMoNQ6376d4QZNRRAXYOFiI8O"},"senderMessageKeys":[]},{"senderKeyId":1903894500,"senderChainKey":{"iteration":1,"seed":"ZKDdaY9/aUxl8JnC6vv7zubl0RZ0MKjUM9jI8H/q9so="},"senderSigningKey":{"public":"BQ/7R+mz0Baqdlc/y9hmMoNQ6376d4QZNRRAXYOFiI8O"},"senderMessageKeys":[]}]