[{"senderKeyId":1267973237,"senderChainKey":{"iteration":2,"seed":"1ZE+09P90BYAYpYhPPBK9suy+tHr1S56uiGOQEMvKco="},"senderSigningKey":{"public":"BbjoC6ds/gYN484FbwgzbtInmHqju+YCtBvJiJu3A5Vb"},"senderMessageKeys":[]},{"senderKeyId":868752150,"senderChainKey":{"iteration":2,"seed":"+tchCVtZfpX8Jebrnw7zI9Ksda8EyJQHnM0cvXpLtUg="},"senderSigningKey":{"public":"BVE4tdvuLMaKxDsFI6hbFKz8ui6ZHc9vmFBwWZjvHLAu"},"senderMessageKeys":[]},{"senderKeyId":452271993,"senderChainKey":{"iteration":8,"seed":"td9NEk8qKbI3NROF+2h/WKcY/ThYvi24q6XAKu8A/iU="},"senderSigningKey":{"public":"BW6myF9FrZkWXDdAeYqWj1z0fdVgAQHi8BhaJMqV9rxA"},"senderMessageKeys":[]}]