[{"senderKeyId":1596155960,"senderChainKey":{"iteration":1,"seed":"MW76NKBzPUr/cIq5XjxCa9RaismvNAWzDY0pvjRI6bA="},"senderSigningKey":{"public":"BeFMKM4ZW9vtMks8FNPe1lMVd21DZQTpDQbEMzltKXN8"},"senderMessageKeys":[]},{"senderKeyId":733804190,"senderChainKey":{"iteration":2,"seed":"l6Z5BZrWfPeUqfeMU2Djh/Rs9vseR/kkcup5RJdUrck="},"senderSigningKey":{"public":"BQn1BGtIVThOh+z/tHlPhd98XXqedRwltA1IJA+l4UNR"},"senderMessageKeys":[]},{"senderKeyId":1733235270,"senderChainKey":{"iteration":1,"seed":"87TGW7rdUJF2AnAsyPmj4bnf064UHL8E9S41Boebcgw="},"senderSigningKey":{"public":"BbeuOjVUFMGJrZjmszty7Jr5bYy2oURfy3Hi2ZjvdY0P"},"senderMessageKeys":[]},{"senderKeyId":732625693,"senderChainKey":{"iteration":2,"seed":"Z4eNCl6Ft7BrHoa9hKlpIAwmJCOBESKii4EMg8ZIvC8="},"senderSigningKey":{"public":"BWQOmmZCeVdYa+kN0tSBs9diiJF0INq7jrRZWHBqYRc0"},"senderMessageKeys":[]},{"senderKeyId":1764600146,"senderChainKey":{"iteration":1,"seed":"PkJUAQcnavwKME0lqTT1UXY+agRmz5IQqCb30F2hoL8="},"senderSigningKey":{"public":"BSPoB2dauxu2TuLQEbYHlJAmmY3wjVkJkCyquDCp7MkA"},"senderMessageKeys":[]},{"senderKeyId":495497032,"senderChainKey":{"iteration":1,"seed":"b1xEO2/d6WN8He06kVl47oQ2Kp29M9EoB7UWlqdb7qs="},"senderSigningKey":{"public":"BVrfgbGVSD4bkwO+9+O7AE+o13H99XimlhEqwRS2rghH"},"senderMessageKeys":[]},{"senderKeyId":2026188797,"senderChainKey":{"iteration":1,"seed":"KR1VLAErhiqkhehe47bIEiTo8Ok0tv8J8PtZUnLA584="},"senderSigningKey":{"public":"Bd9iCuZ6TX1s9QWV0Pi3v527UT3+kt4kmFqrlgkFYpw3"},"senderMessageKeys":[]},{"senderKeyId":1996763311,"senderChainKey":{"iteration":4,"seed":"mUZnCZq1ti6Y18qBxxjIsxaekoYhO6aCLNS2gFdo+Sw="},"senderSigningKey":{"public":"BWtz9WiZfYc2KT0167BLeT258tJ8zpk22fxL0D4Wd71b"},"senderMessageKeys":[]},{"senderKeyId":980820105,"senderChainKey":{"iteration":5,"seed":"scHR6wY8lpSkcaFACCCDUdSP3Pw00Jt7rq9UQ+Rs25k="},"senderSigningKey":{"public":"BXnXov8a2TAXCZApExql3moWmyGkXquWXW+TrI2fDCA7"},"senderMessageKeys":[]},{"senderKeyId":2034623683,"senderChainKey":{"iteration":2,"seed":"52VsfsscAAn79SqCe7cQJhZVhIlqMw5Bum5gRcF0WYI="},"senderSigningKey":{"public":"Bf+c8FB+GjrSu24wKXIUbYCgzB8kt9TSykcoddB3Cp9g"},"senderMessageKeys":[]},{"senderKeyId":141482566,"senderChainKey":{"iteration":1,"seed":"Ih446xhaXLARFyxx5a8MjkLVv+uAEF1tYVyTFsA8akU="},"senderSigningKey":{"public":"BWKpSIPyzl0IcdOM/Bbi7TeU+yq2QGcASii/fvy/qR1t"},"senderMessageKeys":[]},{"senderKeyId":1830984503,"senderChainKey":{"iteration":2,"seed":"lUCn6HomsofsRFpX0DdZ87G1XIn/aLQv7m3vkmZS3Og="},"senderSigningKey":{"public":"BX5lp/8oltGZbF7A8O91GTcstvjZBUS6JgzFF1n/j+l3"},"senderMessageKeys":[]},{"senderKeyId":1695619579,"senderChainKey":{"iteration":2,"seed":"zEIc/CciqxMYrVPIWWp3TEIRdjIZ+gvybtBZUOxapZg="},"senderSigningKey":{"public":"BdIerpfOlXkIXZaqMKJe3B4XFxjzRw4sri4YJvX2PB8f"},"senderMessageKeys":[]},{"senderKeyId":1386012614,"senderChainKey":{"iteration":1,"seed":"K8vLSApQXt2hZPlKCusnBVnxt1hdBwytTkGyZmlf5oE="},"senderSigningKey":{"public":"BYrxseMdAwvuNzJIKTkz706SAJnGif2EaGwpBHxLs7gL"},"senderMessageKeys":[]},{"senderKeyId":1851753520,"senderChainKey":{"iteration":1,"seed":"dsjN0Oi5LN00rXZOs5uhHIuSNPgivmfHRZPld5g534k="},"senderSigningKey":{"public":"BfcHauYRhGnofAIz7Bm/+ibQE+MvAPJFJ6gW1IkO7hgd"},"senderMessageKeys":[]},{"senderKeyId":1505266837,"senderChainKey":{"iteration":7,"seed":"0rs0FxQeTyYMB1OOuOmI4ewqviucWypXeuc/oOZ8dQI="},"senderSigningKey":{"public":"BeWMavyPKCcj6PHPVvdlS4HjYVt19z98rWT9BptO4VRy"},"senderMessageKeys":[]},{"senderKeyId":1336708168,"senderChainKey":{"iteration":1,"seed":"1wlwcpbBX6DheRo0W+ZVa1NKSK5CKTbTIoQqHigBR9w="},"senderSigningKey":{"public":"BaS3hor/YElppYUvtJWOKB7B3V9fQbQs03dhjvu7gFFV"},"senderMessageKeys":[]}]