[{"senderKeyId":946189166,"senderChainKey":{"iteration":2,"seed":"mJklHPzJ0WZAnM3pWK+zuakYQ6DmXaYCQKO0P1Dcvf4="},"senderSigningKey":{"public":"BciL09330aL5LbyGbE4TH3O+YooeBNrftI0ZtOq7S3ox"},"senderMessageKeys":[]},{"senderKeyId":38714717,"senderChainKey":{"iteration":2,"seed":"x2q+KN+wZ6ymlABiYmXuyqvnWMPMrB6KIojc2YMT9S8="},"senderSigningKey":{"public":"BWUgOqXnFsyvQMsECRQjFTw11YjM8NnooCL6AXZ8tu9w"},"senderMessageKeys":[]},{"senderKeyId":1485525887,"senderChainKey":{"iteration":5,"seed":"uiiNHWNXQsFrsjT0U3s92VS3bANyWA0hmo+OUEurMuQ="},"senderSigningKey":{"public":"BS3N1zO7LhEc52/9NAZwmZMJUCmpSVenp0Ye6jXRJ2hF"},"senderMessageKeys":[{}]}]