[{"senderKeyId":1837685914,"senderChainKey":{"iteration":1,"seed":"cXvymi8/Epp7baG6MiWbIYnoDn3Rfj1XDIYwG5VpbHI="},"senderSigningKey":{"public":"BV/roccBdrG8X5wfideJBehNwQgFoItv8ch+dQ2lb193"},"senderMessageKeys":[]},{"senderKeyId":44176917,"senderChainKey":{"iteration":2,"seed":"IQOi7bstV0hekv2shN6MjAXAUYtUt0KCLsVQsJe0JlY="},"senderSigningKey":{"public":"Ba1jWXGa8AmqaL706CYCbdEhgTN2XS0J7JgPUow2zR1e"},"senderMessageKeys":[]},{"senderKeyId":1160737049,"senderChainKey":{"iteration":1,"seed":"TmNXPQyzwgnm1aLn2DrmkXCAfS3IPtYrkJysxsa5SBQ="},"senderSigningKey":{"public":"BZknQEKWFIQWn2nOOxThaFr+uJrZUZ2Yv7B4M+EnEZ4k"},"senderMessageKeys":[]},{"senderKeyId":1914349661,"senderChainKey":{"iteration":1,"seed":"aQ6m0Dw0CBY4rcSn6jkJhPrE9jA5G5sy1xDUAB/nVd4="},"senderSigningKey":{"public":"BcVeNdvYqh1eJNQ2CfgcWvL3XzOarytc9bvZZQQF+Z0P"},"senderMessageKeys":[]}]