[{"senderKeyId":763027420,"senderChainKey":{"iteration":2,"seed":"itmem7/N/DJZxyccl6TakzQOZbFdqcgd4hVlsV5oc/w="},"senderSigningKey":{"public":"BRFx107Mjf2YjYdhgdfNdoz/AdeUAW5+SzSSZGxUVHVm"},"senderMessageKeys":[]},{"senderKeyId":506826490,"senderChainKey":{"iteration":3,"seed":"B9bjP+YsGmZKEJu4s8Mse4xmOvS9l2Upazx+v1KUlfk="},"senderSigningKey":{"public":"Ba8tnIp0C8m/jkkussRWGA/Q7HHOn7I5l/T7Wa9KTTNF"},"senderMessageKeys":[]},{"senderKeyId":506826490,"senderChainKey":{"iteration":0,"seed":"WF2+amaD6V9acEesrUtAV9CptljZVXc6Wz4Dg8YXSAQ="},"senderSigningKey":{"public":"Ba8tnIp0C8m/jkkussRWGA/Q7HHOn7I5l/T7Wa9KTTNF"},"senderMessageKeys":[]},{"senderKeyId":506826490,"senderChainKey":{"iteration":0,"seed":"WF2+amaD6V9acEesrUtAV9CptljZVXc6Wz4Dg8YXSAQ="},"senderSigningKey":{"public":"Ba8tnIp0C8m/jkkussRWGA/Q7HHOn7I5l/T7Wa9KTTNF"},"senderMessageKeys":[]},{"senderKeyId":1100463690,"senderChainKey":{"iteration":1,"seed":"+eblMHArvi5h2Vx+lSdiTN82DzFQa706fHuuCOD/+YU="},"senderSigningKey":{"public":"BZC4G1SVjQRTc3sMdTtCedvFIGSniXWktzYT5OQxUDsj"},"senderMessageKeys":[]},{"senderKeyId":501392498,"senderChainKey":{"iteration":1,"seed":"6lqSjF9znraTj90vVLFmS56RTP2FzAGP+9zksI2Ql6k="},"senderSigningKey":{"public":"BYxJLHhOCbmx2tSJSZalZIAoPOrKV9Je1axJLNKJAu4R"},"senderMessageKeys":[]},{"senderKeyId":528972484,"senderChainKey":{"iteration":2,"seed":"RqdMO9n5ZwVVCqxNxxhfECJl62DN4tDqZ6QB1eVJRrA="},"senderSigningKey":{"public":"BaP8l8QT8KPt9FKV9grYb2x5oaMie/nanZ1ZpuIwoWI3"},"senderMessageKeys":[]},{"senderKeyId":1959485716,"senderChainKey":{"iteration":2,"seed":"GiaXi2DPL4tSn1b7+sIhRsWWLGlVm0dTtsLvkVPZ3V0="},"senderSigningKey":{"public":"BWcGcwLAjXpcYBJDGIdMim3gPfptKW9IMW0uAichXUFS"},"senderMessageKeys":[]}]