[{"senderKeyId":1125155909,"senderChainKey":{"iteration":1,"seed":"SjKUwErfzxGSnAmwKI2Z+oeqI6sZfhfLgzwGLIrrrrI="},"senderSigningKey":{"public":"Bdf1eUPYPB47TB0J6t/i9aPtwH4LHsofd9QkRzmU8JQD"},"senderMessageKeys":[]},{"senderKeyId":362656380,"senderChainKey":{"iteration":1,"seed":"cmElF89WGdCoZaUcT5Zh2tWkg9MFYS46/i7eXWA0mvI="},"senderSigningKey":{"public":"BaXE41ijHzPpeGiLHd5l2Q9pAmZ1HSnIDXPaDfhQL/QA"},"senderMessageKeys":[]},{"senderKeyId":1335483754,"senderChainKey":{"iteration":1,"seed":"5B6c5wovLwNeBclrMLDwuqO+fWQi3oeGM8v+SEfu1WQ="},"senderSigningKey":{"public":"BQTUMiY+N6hIdTHt5Iu1CDRV6eMUfIOh+3KoZJrx5ohS"},"senderMessageKeys":[]}]