[{"senderKeyId":341569296,"senderChainKey":{"iteration":2,"seed":"/f8CdsL0a0+MpTjLeSZ/JbIm/E8s0sZAH7RbXcxHOQA="},"senderSigningKey":{"public":"Bfap+IqhDB46OQOkEW7F2g+MahDBpmp8DGXO7RfAmrxE"},"senderMessageKeys":[]},{"senderKeyId":904919860,"senderChainKey":{"iteration":7,"seed":"gZQXUPUU9LGVQAD7sbsz8Dgm4L/pZT+n7C23hyVx54g="},"senderSigningKey":{"public":"Bc2JciY6wz8i9qPaEiQq0Tl7uH3KtkKNPVqvVoQQYIly"},"senderMessageKeys":[]},{"senderKeyId":87928228,"senderChainKey":{"iteration":2,"seed":"Ql/tmAENEc2NFwnFSi0xaooyKkDdXiUPk1slhMCUPT4="},"senderSigningKey":{"public":"BR4oHzyO5sPT8K/mTA1DFHfrcVjdM60cCoxgpcXDQt43"},"senderMessageKeys":[]},{"senderKeyId":2043268476,"senderChainKey":{"iteration":3,"seed":"uDt9xA2sYCiM7P8pE42zN1IcSSDUmxpM15spF2n7yC8="},"senderSigningKey":{"public":"BXT3+sE9NG9GTSP+cBCvmD6Tsp93KPWrbZpKn7sgA6ku"},"senderMessageKeys":[]},{"senderKeyId":2043268476,"senderChainKey":{"iteration":0,"seed":"rrfIcGPXc5OLrkUH1JroJqLiR8ZqQF74tM0bEwiENSA="},"senderSigningKey":{"public":"BXT3+sE9NG9GTSP+cBCvmD6Tsp93KPWrbZpKn7sgA6ku"},"senderMessageKeys":[]},{"senderKeyId":1722680594,"senderChainKey":{"iteration":1,"seed":"47aKYXM2QxCQ3aUTUGbdAaqh9RlWTMu+ZI2sjfaB1xg="},"senderSigningKey":{"public":"Bc42Pp8WMchl9TPXB8HmOdhsRvTyQ3UWOdgrq3KIXnIH"},"senderMessageKeys":[]},{"senderKeyId":1165894971,"senderChainKey":{"iteration":1,"seed":"emudBWTKagC0XJsxyfHLXQDKWfZkIuJUTi2tFYayg9M="},"senderSigningKey":{"public":"BUvG2MuIxb73xq3X8GmvEZnOH/RN+csWo/bi00wyy6pI"},"senderMessageKeys":[]},{"senderKeyId":229722523,"senderChainKey":{"iteration":1,"seed":"6tc9kAyi82zYoOZw+N74VQycUDI+A9IgpqHslYp8Io0="},"senderSigningKey":{"public":"BbAuwiXGIRpm9XruIm9tJXSDR0HR6+1P0nFtXb3YRPdH"},"senderMessageKeys":[]},{"senderKeyId":1735985296,"senderChainKey":{"iteration":1,"seed":"/SMP7lNxSFZ9A+IGlC/fCj33XNZWfT3a0vxp9iwYhR0="},"senderSigningKey":{"public":"BcL1UrpeceKYRFRqGi5WXkgGWPMcN+l6XXtD8SjPWLoO"},"senderMessageKeys":[]},{"senderKeyId":588968270,"senderChainKey":{"iteration":1,"seed":"iHVoa5TVhaBmKHaRcFynj4pxgYW8+feZqKTzeg937r8="},"senderSigningKey":{"public":"BVU3kPwkWj2mxWcR8T70zoy3cLpwybhXJvkCwC6487V7"},"senderMessageKeys":[]},{"senderKeyId":696613518,"senderChainKey":{"iteration":1,"seed":"KkDQIiSMWufi0G5mV+rDK8EgrM4BclWuJLpnZ7s6uBs="},"senderSigningKey":{"public":"Bbe840K1QorWkoRYskQRtMoaTubDAkEBD4JLL84Xc0kc"},"senderMessageKeys":[]}]