[{"senderKeyId":1957595634,"senderChainKey":{"iteration":1,"seed":"zZvMKnHNzhYTuhZp0WM0nWKYfLWGifPaZvsg3FL2PX4="},"senderSigningKey":{"public":"BRWkLDbEXWk6LbPfM7rk8k79jML2S1lyw7KFnVdQZFZU"},"senderMessageKeys":[]},{"senderKeyId":1614466950,"senderChainKey":{"iteration":1,"seed":"5mIwSmQuIpT6EFkQdvlWC0sOk/o+f6eWLpYHJDR6OuU="},"senderSigningKey":{"public":"BQ1bdCatThZPUoeOl3SDrsNhPVaWmPvVTRt0LdqKLr8T"},"senderMessageKeys":[]},{"senderKeyId":1363317320,"senderChainKey":{"iteration":1,"seed":"XP2ebE5yT1k3HZeaq9JtuuXSN1k1v2DbffGYZJLNyLU="},"senderSigningKey":{"public":"Bb/FoCa70S2eI9oej8EcYsXMQ1DjNjaKvUtVWtuCVJ1h"},"senderMessageKeys":[]},{"senderKeyId":531298269,"senderChainKey":{"iteration":10,"seed":"Uqe4KprwzGxHsboaP2PXpEKgvqdfve/DiTgLdov+gb4="},"senderSigningKey":{"public":"BTBfmgigqyhOh74JcKq53b+i+qlwy6MEAKVfCu1H3aZg"},"senderMessageKeys":[{},{},{},{},{},{}]},{"senderKeyId":531298269,"senderChainKey":{"iteration":7,"seed":"eJlU+JvPCIG5sl3NzxBabxuhgLJ7Q1fNRUSFyXJDhlM="},"senderSigningKey":{"public":"BTBfmgigqyhOh74JcKq53b+i+qlwy6MEAKVfCu1H3aZg"},"senderMessageKeys":[]},{"senderKeyId":32742352,"senderChainKey":{"iteration":1,"seed":"YM3WitK5F7Tt5sP0r/Hzkq5ZanooYUjTXK0xuiKE5cg="},"senderSigningKey":{"public":"BVyb0bSzh7h2wCvs+Ismso/KxQY3ATqGcl8+tUW6Aecx"},"senderMessageKeys":[]}]