[{"senderKeyId":1592898104,"senderChainKey":{"iteration":2,"seed":"Ugc565B+C0OZXcgO1OZxO+1Zr0kUgENE/rOTvqfEs+o="},"senderSigningKey":{"public":"Bbi1jLnamR8IV/1Tr0Iv0F/GQ1xqfLt6sMQ5RHg/K8RD"},"senderMessageKeys":[]},{"senderKeyId":2147292210,"senderChainKey":{"iteration":1,"seed":"Rby68ZFObyw7H2+BCyOJii5TqAYrD9H1Uhqk9rg2gyw="},"senderSigningKey":{"public":"BXkGiXkElsHsVemQ/NRgLQyHhLuvhdX2CUgwglOdq5B4"},"senderMessageKeys":[]},{"senderKeyId":1410241433,"senderChainKey":{"iteration":1,"seed":"yX/kxYoSkX1FuVKsgJvm9tbAUmH+aTG/BtJqVgGP1nE="},"senderSigningKey":{"public":"Bcdzyd2V3PLyV/06nxWCQm8r3fxZ65EkAIiFex08mE5y"},"senderMessageKeys":[]}]