[{"senderKeyId":1965197872,"senderChainKey":{"iteration":1,"seed":"fQr7twR5R89WVxK31FJq/UDq0YGOW/tovYnOLPvVWqE="},"senderSigningKey":{"public":"BcfUNPYkYHq4Fv6kE1milEkuiVPoP09ddHcAFqtz3uQ0"},"senderMessageKeys":[]},{"senderKeyId":918224769,"senderChainKey":{"iteration":1,"seed":"TH58RvKgGIdjHKjfphriwQuGG0NC0fKkfN2N4+ReaFs="},"senderSigningKey":{"public":"BTK8knEpjnWnITHmLxURTHpd88TVqGvtk5RnYLYTOXkO"},"senderMessageKeys":[]},{"senderKeyId":247176568,"senderChainKey":{"iteration":2,"seed":"uXugHQvWhhLfupDEzDX3yk+NVJdrJXiQq6Y0tLLP4pQ="},"senderSigningKey":{"public":"BRdQ67fzgyiPZz/CSyGWiwcDqXytLlKrvjsDmKnzbk0O"},"senderMessageKeys":[]},{"senderKeyId":1321339265,"senderChainKey":{"iteration":1,"seed":"p1RFvoPPwrFqUiXGbsz+XuIxd4QrotMv25isuFuyDMs="},"senderSigningKey":{"public":"BU04kk8UGhhZaJYQNRjzrG5pgBMVWk1bHA0o3girzTgj"},"senderMessageKeys":[]},{"senderKeyId":858504821,"senderChainKey":{"iteration":3,"seed":"DvtjWQ6ckxIWobMpLeFxql26No8tIdHftW7V/HFn0lg="},"senderSigningKey":{"public":"BZr/UaTMQcNTn6DKgEEum/S+rYQwDhCvYZMCSae9HhtM"},"senderMessageKeys":[]},{"senderKeyId":1323785267,"senderChainKey":{"iteration":1,"seed":"zTA3BE5MgUtriLBS9xZsPqMpTWjR6rq1w4WskaH4gis="},"senderSigningKey":{"public":"BSaMmnEhHfFd9J1FKKZfzl31746B1An9A0nyDpeB7pAs"},"senderMessageKeys":[]},{"senderKeyId":1797381301,"senderChainKey":{"iteration":1,"seed":"kExlNy+W4nQMbr3aSrEjJj+L5RU73UzYms1qnlDOMvU="},"senderSigningKey":{"public":"BTK8IPqGVleXa3lC/+YS0cg8rhwhlL/9pCG5b9WUcVNK"},"senderMessageKeys":[]},{"senderKeyId":945223549,"senderChainKey":{"iteration":1,"seed":"6r46AZS8aF8vHTkscjark5NjPKHQ5QV95bmQNgsXgkQ="},"senderSigningKey":{"public":"BRvnOV5ftyX+k98n2WrqMQFPTd5NWTLs0J4CmnlwdjQ+"},"senderMessageKeys":[]}]