[{"senderKeyId":1072117805,"senderChainKey":{"iteration":5,"seed":"s4dvO2A4cS+/NEYpVDnnZHMJLehlLLhHrCWvpskEcgk="},"senderSigningKey":{"public":"BaUnh48roT/zQECbhiUE/SUK/AfYdiRDwCizWimq+UB2"},"senderMessageKeys":[]},{"senderKeyId":39520992,"senderChainKey":{"iteration":1,"seed":"ALgDY9+9lzKOTbXw9jS6AsVXAPIAE4PRxjVSDHjbpvs="},"senderSigningKey":{"public":"BQVs0DtaWhrIu1H60N2dwZUkRn5ZouloBrRyEoBfmoJo"},"senderMessageKeys":[]},{"senderKeyId":421496798,"senderChainKey":{"iteration":3,"seed":"2kRLpIch9jBRMxbq1MXtdr3nZ5gJiLuYQt0dN028NPI="},"senderSigningKey":{"public":"BS4m59vsA1YpJIO6BZnFWtkcXoBTbsQZmTqquzIE2kQL"},"senderMessageKeys":[]}]