[{"senderKeyId":737379512,"senderChainKey":{"iteration":1,"seed":"cwTyKVCjcph3oEonO5YE1zW7G1fA4MYdxRoOqLVpcJU="},"senderSigningKey":{"public":"BTFISXgDnaOhJ9qYoBrrjRb2+t7u+xRJ1lVe8rJlRRMe"},"senderMessageKeys":[]},{"senderKeyId":848218270,"senderChainKey":{"iteration":2,"seed":"zX8a7YXW+Q+UgV6p0Th1cY0Pm1iFnlrwfiP33i4Pew4="},"senderSigningKey":{"public":"BSPcafJmRJUgc9zkgjZQV6emoIp08Zxpvq1fsK6lqeEZ"},"senderMessageKeys":[]},{"senderKeyId":1073595080,"senderChainKey":{"iteration":17,"seed":"a01ZeNOiScKcoaUoBPNf5yyYao+U/eR+eMo64TZ2g/8="},"senderSigningKey":{"public":"BTu/7qyRu6Y8KrBcFFV5FShTHv00Y63IlXZAF2vZjE44"},"senderMessageKeys":[{},{}]},{"senderKeyId":1073595080,"senderChainKey":{"iteration":7,"seed":"X3MP6uy6B+ZMfK1P86rob7ygw3VV9aO414aQeYyAieY="},"senderSigningKey":{"public":"BTu/7qyRu6Y8KrBcFFV5FShTHv00Y63IlXZAF2vZjE44"},"senderMessageKeys":[]},{"senderKeyId":1573352216,"senderChainKey":{"iteration":1,"seed":"u7I7mFmSRl18kuARsNBi2Uk6nPYsOCSDmpcF/nbu1JA="},"senderSigningKey":{"public":"BXEJRAbM88sC36JgfpqIRnW9OOZq2gbZHAV2OjYhFXsd"},"senderMessageKeys":[]},{"senderKeyId":623498013,"senderChainKey":{"iteration":5,"seed":"mYTn6iieITM5f1Yyk+JkNchq/bXL89qykI1ZTmJrE+o="},"senderSigningKey":{"public":"Bcj7JiUqBzXdeDlnkTMcyFHRSswKEv8M/jo8B+c0Xd1v"},"senderMessageKeys":[]},{"senderKeyId":623498013,"senderChainKey":{"iteration":3,"seed":"Vf5cIQ7CfudyOUbDsdPUvhfmhfSTALYW4m6+na7FTnk="},"senderSigningKey":{"public":"Bcj7JiUqBzXdeDlnkTMcyFHRSswKEv8M/jo8B+c0Xd1v"},"senderMessageKeys":[]}]