{"_sessions":{"BR4J1WEH0jdh7gnygXnpfvX8f2r5Wh8Ge++TzbdvbfsF":{"registrationId":422789931,"currentRatchet":{"ephemeralKeyPair":{"pubKey":"BfQmUeCfLfqvx+DzxmQ4kJItdrYEALDdr8/awLlL5gQd","privKey":"kIbXD8DuDbke6DjJ/yCkx59wfPEltaqmQMqmXiGvIE8="},"lastRemoteEphemeralKey":"BQl+y/cZwakyLiewoqlKVQ4rwMGjFqMS88RnFZFM9lpt","previousCounter":0,"rootKey":"VJAZV9kqetbOdju5M5XDxE8zEglOhca4bM4C1n4a/L0="},"indexInfo":{"baseKey":"BR4J1WEH0jdh7gnygXnpfvX8f2r5Wh8Ge++TzbdvbfsF","baseKeyType":2,"closed":-1,"used":1687818561049,"created":1687818561049,"remoteIdentityKey":"BUu9Xhq4AJCj7ugCWElKnwTuf9+e3pmDEjmeDbIA7UwX"},"_chains":{"BQl+y/cZwakyLiewoqlKVQ4rwMGjFqMS88RnFZFM9lpt":{"chainKey":{"counter":3,"key":"DDt+YPdVRN4ZhjP6+3PTH9pdGTeP+XmvozHfqtG/dk0="},"chainType":2,"messageKeys":{"0":"Ez/l2Gb2uP9odry1M6GHUFaQFdhP57T/OvP+fDVPqsk=","1":"rjMjUnV6CE6R2a5mdkP2aAo4OrXOE9Vv8mcmBdndyEk=","2":"GUVqvxK3zN4Icfm21yuiy0fifWsuoL0wnRq6poXTbfQ="}},"BfQmUeCfLfqvx+DzxmQ4kJItdrYEALDdr8/awLlL5gQd":{"chainKey":{"counter":-1,"key":"9iHnVeuWvSzwuDlyXMxSGShe470/VdEp7p6A3h2AeUk="},"chainType":1,"messageKeys":{}}}}},"version":"v1"}