{"_sessions":{"Bditx5wJxVoKVbE/2pE/mNz83SlxNYtnyKuG/DjwJWsl":{"registrationId":2138409560,"currentRatchet":{"ephemeralKeyPair":{"pubKey":"BeG6tBSbZWuBWUJJUfVr0PeWz685R72t7F3LwGmHWys0","privKey":"YCOxgXq0mBWsrngoJu/lUs3vbwgf3D263vQi7xyWsns="},"lastRemoteEphemeralKey":"BSENbo374eF7/sHHYZZft5QmhPxIRgmAcE4MLeDTfJB9","previousCounter":0,"rootKey":"zrlIUZCUTcrHjgq8DTbtFv92BVAd+TOUGeXCf1+an6U="},"indexInfo":{"baseKey":"Bditx5wJxVoKVbE/2pE/mNz83SlxNYtnyKuG/DjwJWsl","baseKeyType":2,"closed":1687818559873,"used":1687804012529,"created":1687804012529,"remoteIdentityKey":"BSTs8dOoQInkaXBlqyH3E7O0XHKAF7DZBvLr7X6EjJtQ"},"_chains":{"BSENbo374eF7/sHHYZZft5QmhPxIRgmAcE4MLeDTfJB9":{"chainKey":{"counter":1,"key":"usA0aNaQCqEtRWaSgxug4csFKD1jKSj2D8UZsXu7H6s="},"chainType":2,"messageKeys":{}},"BeG6tBSbZWuBWUJJUfVr0PeWz685R72t7F3LwGmHWys0":{"chainKey":{"counter":-1,"key":"QXNLHgHUWCh8FI9+qFspU7WYJuFeDrdn/RmYYxKELFg="},"chainType":1,"messageKeys":{}}}},"BYTIgQI9vw0JhTOOqO1eses8Ds29stmIAlftInP2c2E4":{"registrationId":483417904,"currentRatchet":{"ephemeralKeyPair":{"pubKey":"BUrgUcdjYz//3vR+5tkfve4M+eZQeGkoc3SiI1bkI2sX","privKey":"8OhaImMkDpvzyBMw1jFYnXY18DGaZekrGTuBjlSFWms="},"lastRemoteEphemeralKey":"BeJm2AkJkvNcKblZiKeX9m6sX/YkfXQOfTnx8WNusfIi","previousCounter":0,"rootKey":"5S1wZOUypK6UrbK85DHvuS0HYuvELi9sn9xWCjHqn0U="},"indexInfo":{"baseKey":"BYTIgQI9vw0JhTOOqO1eses8Ds29stmIAlftInP2c2E4","baseKeyType":2,"closed":1687823999085,"used":1687818559879,"created":1687818559879,"remoteIdentityKey":"BaFI6orJYyXKzqOoKwoKWHe48A7nnB2FHw4I8JZpBLtq"},"_chains":{"BeJm2AkJkvNcKblZiKeX9m6sX/YkfXQOfTnx8WNusfIi":{"chainKey":{"counter":2,"key":"EFdEQoyBYIFSeiO+vYbAmyFatg8T7NpfN33Ws9Y41lA="},"chainType":2,"messageKeys":{}},"BUrgUcdjYz//3vR+5tkfve4M+eZQeGkoc3SiI1bkI2sX":{"chainKey":{"counter":-1,"key":"fvaZyWBp2C5Y2m5flEdi7U52XQ34pSwxr0pVazzQa9Y="},"chainType":1,"messageKeys":{}}}},"Bf5FInyoBJ7vucLLFKnneb9Y6zkvhN+LSB7FL31OuiFr":{"registrationId":618603766,"currentRatchet":{"ephemeralKeyPair":{"pubKey":"BZgRj3LGw3AQjKivN9LrE2ryv4j6UqApJ1zEpjcV+o9J","privKey":"8JV+Lz93UmjKQ43thZe9qdWo4FekR5rQBfXV1PU7yW0="},"lastRemoteEphemeralKey":"BTpi8wk580zy10bhwPsAl8MaHD589+mCUcNnpnZLge4h","previousCounter":0,"rootKey":"4uVHetH8XVMTS7nGvsZkSE8fdIp8VnxDM76koFepFXs="},"indexInfo":{"baseKey":"Bf5FInyoBJ7vucLLFKnneb9Y6zkvhN+LSB7FL31OuiFr","baseKeyType":2,"closed":1687825026016,"used":1687823999109,"created":1687823999109,"remoteIdentityKey":"Bew49yoHUORlDzpojU9hR8RUt5Top8z89DmNisnBgI04"},"_chains":{"BTpi8wk580zy10bhwPsAl8MaHD589+mCUcNnpnZLge4h":{"chainKey":{"counter":0,"key":"oMCDMfS90F+A3FhS9S8SnH0ZC52wqzCVUgseSCG6vS8="},"chainType":2,"messageKeys":{}},"BZgRj3LGw3AQjKivN9LrE2ryv4j6UqApJ1zEpjcV+o9J":{"chainKey":{"counter":-1,"key":"12xuFLXEzBgrUqitGNVmKj4fyKdEuCoTk1kdDWOTNfM="},"chainType":1,"messageKeys":{}}}},"BRjzLRBkGpJPIfdsycqeYPpJB736yITqmMqMKhkNmIY2":{"registrationId":618603766,"currentRatchet":{"ephemeralKeyPair":{"pubKey":"Bb4RJYFPKbTnjjs/VB6etJjGUrPE12pvDTXMagQzfZ0W","privKey":"mOm/pPhWXpHGocx7luKh56q45V+YZwB9o0Nb1tBXIFA="},"lastRemoteEphemeralKey":"BRj3fjQdB8GTfX26DsIm6xlVIBZ+wOe6n5MI8ZcjNiQa","previousCounter":0,"rootKey":"C+prja5P6M6xLAQ59LzSb+EvOB7GqmsgXHZYqAB/0ZU="},"indexInfo":{"baseKey":"BRjzLRBkGpJPIfdsycqeYPpJB736yITqmMqMKhkNmIY2","baseKeyType":2,"closed":1687881465800,"used":1687825026043,"created":1687825026043,"remoteIdentityKey":"Bew49yoHUORlDzpojU9hR8RUt5Top8z89DmNisnBgI04"},"_chains":{"BRj3fjQdB8GTfX26DsIm6xlVIBZ+wOe6n5MI8ZcjNiQa":{"chainKey":{"counter":0,"key":"ENcjz1zzeIUYz0oZtnEjWZ0YEbt/YYbzE3dj91gEegc="},"chainType":2,"messageKeys":{}},"Bb4RJYFPKbTnjjs/VB6etJjGUrPE12pvDTXMagQzfZ0W":{"chainKey":{"counter":-1,"key":"zIwPhyu+iCXaEs2t1yth8/VmTM3SPoL5WwKNeUrmzzY="},"chainType":1,"messageKeys":{}}}},"BQXY/VpD68569CcIp8N5xopEkzedq5T9r33/RL8dqHwM":{"registrationId":931034439,"currentRatchet":{"ephemeralKeyPair":{"pubKey":"BQd1nx0IL2NJ4xrPapn2LJ3rYhCuYfTRUZFXPhCIvd5h","privKey":"oFVfXXPIwOXmh8bfY7A43WmsB2bi40pqvgDjv0KssWY="},"lastRemoteEphemeralKey":"BaiJnzJlQ8UfEqMQiFtitmGMgwKoEH01uGieO1dLBZc3","previousCounter":0,"rootKey":"YESpu160xZs+ihIMaCpOMeaodKJ5Kh2AHGIfUMgZCeA="},"indexInfo":{"baseKey":"BQXY/VpD68569CcIp8N5xopEkzedq5T9r33/RL8dqHwM","baseKeyType":2,"closed":-1,"used":1687881465812,"created":1687881465812,"remoteIdentityKey":"BYb9+NkxgzgEkeA2OzKlxN/JQih+z/IC1UqYZDWAQYAf"},"_chains":{"BaiJnzJlQ8UfEqMQiFtitmGMgwKoEH01uGieO1dLBZc3":{"chainKey":{"counter":1,"key":"H+lLPrJEEpHk7bzEPkSmXSuGihv3Ywyjo+MifaFFREI="},"chainType":2,"messageKeys":{}},"BQd1nx0IL2NJ4xrPapn2LJ3rYhCuYfTRUZFXPhCIvd5h":{"chainKey":{"counter":-1,"key":"/tc9A9MAi2LgXO9ompQ19xnsGqEs78+N+BN2PR19szg="},"chainType":1,"messageKeys":{}}}}},"version":"v1"}