{"_sessions":{"BW4EVG0OfViixE9pbvWo6AWXaKYwUcnLV1wznPSpeHkh":{"registrationId":966399645,"currentRatchet":{"ephemeralKeyPair":{"pubKey":"BWq3SIcHiPkx1LXmoxTkWsJwX2SE0810JZxuOZLC2llE","privKey":"qJPeQjQyQtXmzgWEuSYMINZaPuF69DBK5QC2+GXsWk8="},"lastRemoteEphemeralKey":"BY0jqf3Usy0BHVDrZsSc0tyFVDKylGokbuUaP5U/0cAc","previousCounter":0,"rootKey":"5par31mdcqXfajX08FftuoR2C5mb37gcGzSTCy/MMzY="},"indexInfo":{"baseKey":"BW4EVG0OfViixE9pbvWo6AWXaKYwUcnLV1wznPSpeHkh","baseKeyType":2,"closed":-1,"used":1687818565932,"created":1687818565932,"remoteIdentityKey":"BTtK6vum2Pp8yUOMx3LOFbh9zBFhra2hql4m1vyaMYVG"},"_chains":{"BY0jqf3Usy0BHVDrZsSc0tyFVDKylGokbuUaP5U/0cAc":{"chainKey":{"counter":0,"key":"uNbYuPDy26f59JpPFx5s+aBWTZsoTByhnWtmXzqQWuY="},"chainType":2,"messageKeys":{}},"BWq3SIcHiPkx1LXmoxTkWsJwX2SE0810JZxuOZLC2llE":{"chainKey":{"counter":-1,"key":"5VDxC4apUqrdYLTo66BfhG1oy3wyEVnodntg72qRE+c="},"chainType":1,"messageKeys":{}}}}},"version":"v1"}