{"_sessions":{"BfZDYsljagsCy5dN2NZ5tamH5cLpFCVBTfGKzcy23OUq":{"registrationId":430516936,"currentRatchet":{"ephemeralKeyPair":{"pubKey":"BSgedE57zAIy1Z/YNZI5zgHRbUCUK9OTv+r3PQrR+Q9O","privKey":"CPR1NO04kmyMzkOmKoO5FbPqD//OSeP0Dsrc8UPtY1A="},"lastRemoteEphemeralKey":"BW8VtozAiSGDoehlRG2S5QjTg084UeiICOzClhctyMsW","previousCounter":0,"rootKey":"Zwhn7OfV3717CbbpXaTtdQ15ay4Ua4TD+5ZomRYipkw="},"indexInfo":{"baseKey":"BfZDYsljagsCy5dN2NZ5tamH5cLpFCVBTfGKzcy23OUq","baseKeyType":2,"closed":-1,"used":1687818560411,"created":1687818560411,"remoteIdentityKey":"BfUK2KqAhi+U8kHCLTAhcF1jI3cBIgP1PfbrstogPhRG"},"_chains":{"BW8VtozAiSGDoehlRG2S5QjTg084UeiICOzClhctyMsW":{"chainKey":{"counter":34,"key":"yjyCXWEfqZjKKQtYO4sFsmlwtMutPIBp7ljpc9cAg4c="},"chainType":2,"messageKeys":{}},"BSgedE57zAIy1Z/YNZI5zgHRbUCUK9OTv+r3PQrR+Q9O":{"chainKey":{"counter":-1,"key":"ZkNBauaqYSe6pqBuhPtsEq9XkFtaH9ltMQiAP84lgxA="},"chainType":1,"messageKeys":{}}}}},"version":"v1"}