{"_sessions":{"Bb8etxOqFMrfPqiEKR9A6B0q3BEDdLYetY9yogRkLBlI":{"registrationId":291839933,"currentRatchet":{"ephemeralKeyPair":{"pubKey":"BTK8oK+Nb0L1FurehndSo99wcTGGMp8yBK/VKqmnJksO","privKey":"0IM7vBWXnQVpjCR8PIjQOBzzp72GRrr+hQxVfCWy3GY="},"lastRemoteEphemeralKey":"BSnF4mifOwoYA3aj5wyTrie3AxgpBCYvYMog31g4q0Vh","previousCounter":0,"rootKey":"z5qz6KQ5UtlkImlSqBLNtq64SJOmtqv/3jyw+Y7hLik="},"indexInfo":{"baseKey":"Bb8etxOqFMrfPqiEKR9A6B0q3BEDdLYetY9yogRkLBlI","baseKeyType":2,"closed":-1,"used":1687902321167,"created":1687902321167,"remoteIdentityKey":"BXcMBtbUG9t5TOZSeKvJkfL4yNnoDYkDDaDR4jVz1b5p"},"_chains":{"BSnF4mifOwoYA3aj5wyTrie3AxgpBCYvYMog31g4q0Vh":{"chainKey":{"counter":0,"key":"pvHtevy0IqINcbENUhyKOBu97IEWuDF7PuBlV9El1bs="},"chainType":2,"messageKeys":{}},"BTK8oK+Nb0L1FurehndSo99wcTGGMp8yBK/VKqmnJksO":{"chainKey":{"counter":-1,"key":"XJLs9sDuJ5JWHMYqqzavcoaQdlyssnaoA/+Rqqg+hjM="},"chainType":1,"messageKeys":{}}}}},"version":"v1"}