{"_sessions":{"BYDxb7jgwHpO6GTrrIpxNJOreq6ypR07mWe0NX3lt7dP":{"registrationId":1821891836,"currentRatchet":{"ephemeralKeyPair":{"pubKey":"BbSZMHk5jrN9tdtduEQ8+ZR8Q+w22BPDyu7akV/ieoBy","privKey":"qPjGL/5EN7UOu6kxCAybRa2LVty/NlQk1CgWgsgeUWs="},"lastRemoteEphemeralKey":"BQl6FqQ2LGjCJV8D39g/DnRzNKR6LsShf+91D5KcEqpq","previousCounter":0,"rootKey":"gySn7C19ZfKLkNQzFs0a7Dy6zD8yHWoA8d/mldVlEYs="},"indexInfo":{"baseKey":"BYDxb7jgwHpO6GTrrIpxNJOreq6ypR07mWe0NX3lt7dP","baseKeyType":2,"closed":-1,"used":1687818563794,"created":1687818563794,"remoteIdentityKey":"BXNHPm5FEXSnE+bcM0urieCb/ah8cdui4XlhSK5pYOc0"},"_chains":{"BQl6FqQ2LGjCJV8D39g/DnRzNKR6LsShf+91D5KcEqpq":{"chainKey":{"counter":241,"key":"dVqT8Is1yH35/bVkluhoiDbgZX8IY01WwQA4ZEgMmtY="},"chainType":2,"messageKeys":{}},"BbSZMHk5jrN9tdtduEQ8+ZR8Q+w22BPDyu7akV/ieoBy":{"chainKey":{"counter":-1,"key":"vMGiFR+30r9oifeSzOU+l5Vk5cXUxXC0DkRWmzb25TU="},"chainType":1,"messageKeys":{}}}}},"version":"v1"}