{"_sessions":{"BXS+jt222V7vuQMy9htRDIUs103ZN/NCP5WGHigiCeBT":{"registrationId":1205597103,"currentRatchet":{"ephemeralKeyPair":{"pubKey":"BTWreGXtZ3qU9YV3wIcaqkcrF9Hgjf09dT8f2Ry0rxM4","privKey":"MDvhFKOgzBh98sDxnxhj4uadU4GA8dJgqekAvncWzVo="},"lastRemoteEphemeralKey":"BbI5owZbDWXSghekbBq3xcPEeJjRzfXYLHGOEn9+7YEl","previousCounter":0,"rootKey":"pp+5tdfeAoHMOX4e8V+EHJvffJnGqu1C3IjDZVj/o4E="},"indexInfo":{"baseKey":"BXS+jt222V7vuQMy9htRDIUs103ZN/NCP5WGHigiCeBT","baseKeyType":2,"closed":-1,"used":1687877213257,"created":1687877213257,"remoteIdentityKey":"BYU8CLMzQdAxMhB7N/G0BbdfVYbuGxC4iXovvCsmcno1"},"_chains":{"BbI5owZbDWXSghekbBq3xcPEeJjRzfXYLHGOEn9+7YEl":{"chainKey":{"counter":0,"key":"jPkU9aF/o6tZ/g4GmMJxIitFepxSWJyUanNkfD6yFac="},"chainType":2,"messageKeys":{}},"BTWreGXtZ3qU9YV3wIcaqkcrF9Hgjf09dT8f2Ry0rxM4":{"chainKey":{"counter":-1,"key":"inY9HzBx/zgUFtWbzSOffqmc9WD5KR26DwrhcO2b6Eg="},"chainType":1,"messageKeys":{}}}}},"version":"v1"}