{"_sessions":{"BdvVkStPAYrZR9aqZCFPtSRMBmXy9qChGl6M0u9dCTEm":{"registrationId":318068679,"currentRatchet":{"ephemeralKeyPair":{"pubKey":"BW3uiQ2m4RuIXm6A33NY63u1g82jhAMDNOuPPgAOXPtd","privKey":"IPFhw72cxmufeRtW+UKHpGjpQz4BiSKguZ80anXYvGM="},"lastRemoteEphemeralKey":"BXLPc7IJK3uKooX7Mn/069A2U/hUr2FP7YXjYnwzSbt8","previousCounter":0,"rootKey":"dzsDvmbJUjlB+4ylm+Pj2X09MxYCzXoiTbcGG6roWrI="},"indexInfo":{"baseKey":"BdvVkStPAYrZR9aqZCFPtSRMBmXy9qChGl6M0u9dCTEm","baseKeyType":2,"closed":-1,"used":1687829714469,"created":1687829714469,"remoteIdentityKey":"Be11x/Qk0Hjy4VifCBwJ2wLN3xYhddP9/yECpP8vSPBT"},"_chains":{"BXLPc7IJK3uKooX7Mn/069A2U/hUr2FP7YXjYnwzSbt8":{"chainKey":{"counter":1,"key":"Ye8lk9EBHe5tSuG8k1UiO1jphac0S3d6O/Ix5oJff30="},"chainType":2,"messageKeys":{}},"BW3uiQ2m4RuIXm6A33NY63u1g82jhAMDNOuPPgAOXPtd":{"chainKey":{"counter":-1,"key":"aj9IfIJs41fHV9/28PLnjXvzVu07FRhgXsQ0U9eQygQ="},"chainType":1,"messageKeys":{}}}}},"version":"v1"}