{"_sessions":{"BcqLlCd/9ohmVE3Bm16r/DS6SgdOOa/VZoAuCIxZnnJx":{"registrationId":1157397515,"currentRatchet":{"ephemeralKeyPair":{"pubKey":"BSbXwbbtUVEj/fWjenx5veM9zf18841ZaGQQuNjOxa0V","privKey":"KLw/nRr2zzNIBaYBZSdM9XSgV4nGzd5rh6QLro4QIWA="},"lastRemoteEphemeralKey":"BekmKXEEBfr5myqb+x7a1ZcXOYtkxlqNOyV+WKWssN1/","previousCounter":0,"rootKey":"SWbqpluRBAC1xMvqIkC2KWL+1zJAjGZabVjzRfTf1is="},"indexInfo":{"baseKey":"BcqLlCd/9ohmVE3Bm16r/DS6SgdOOa/VZoAuCIxZnnJx","baseKeyType":2,"closed":-1,"used":1687823348727,"created":1687823348727,"remoteIdentityKey":"BV9XIEWxcvaXwjk6qLhnvAVe6oNkk92SGVP08+Y0xBc0"},"_chains":{"BekmKXEEBfr5myqb+x7a1ZcXOYtkxlqNOyV+WKWssN1/":{"chainKey":{"counter":1,"key":"YEjgZKV11MeEBHUFCg1e4SAMIhYDAP0SS/jezeGTysY="},"chainType":2,"messageKeys":{}},"BSbXwbbtUVEj/fWjenx5veM9zf18841ZaGQQuNjOxa0V":{"chainKey":{"counter":-1,"key":"EXP8DXMzpeemMGNIvlQvmiI3JpMAPktDcsAmIbrg2/k="},"chainType":1,"messageKeys":{}}}}},"version":"v1"}