{"_sessions":{"BcqFX5uguc7mnx1MpUiy0AM+7QBhS/0mUB028/om3skT":{"registrationId":1788327732,"currentRatchet":{"ephemeralKeyPair":{"pubKey":"BS6zo95FnpkxeKFTEZOnUqPtULHBWhK6l3gL1rIVW88a","privKey":"SGwGA0pI5xqiRunnLycUtN+K1PXTvBahJxObABvaH3o="},"lastRemoteEphemeralKey":"BeOaKPeQR36AsBwGT+dh4Cqvv3zc9C83rGNUvMzfQ2U+","previousCounter":0,"rootKey":"7VDbnfwWY7+1mf6x2X1cVc/F0n9728uclKXKCPX5kAU="},"indexInfo":{"baseKey":"BcqFX5uguc7mnx1MpUiy0AM+7QBhS/0mUB028/om3skT","baseKeyType":2,"closed":-1,"used":1687804292050,"created":1687804292050,"remoteIdentityKey":"BeYnm8xYy09YlC8JZ67m+x3dyUSO2YRbqJVek731YGUW"},"_chains":{"BeOaKPeQR36AsBwGT+dh4Cqvv3zc9C83rGNUvMzfQ2U+":{"chainKey":{"counter":2,"key":"fAxtM+EmxlrXtEvtTYR9MbCLe1sa3FBSvtwPPBjOqT4="},"chainType":2,"messageKeys":{}},"BS6zo95FnpkxeKFTEZOnUqPtULHBWhK6l3gL1rIVW88a":{"chainKey":{"counter":-1,"key":"pbMJb2ulexvsaRL4eN1VeP9tmNqZdcPHy7Sxa0lehQw="},"chainType":1,"messageKeys":{}}}}},"version":"v1"}