{"_sessions":{"BQ8AC5B9oUA2xb+w2J3qodSbpkuefApLnavWdsTZ5eUR":{"registrationId":1771256244,"currentRatchet":{"ephemeralKeyPair":{"pubKey":"BRkvLSKQ1RP3CvdcDd8vaJiB+1+x9ILhM41+ALrx/5gu","privKey":"QIb9sEPOykzWJYBBoeRvoaVtjUaLHzEnNrrDC9aYsGw="},"lastRemoteEphemeralKey":"BXSq3ZPWkBpbMjT70vQXgfMSN6dpyTKgmQXqfQOiB6J2","previousCounter":0,"rootKey":"MmWMgQCQ2m90EFh2O4eLucrErTdLspl6jQQlejF7e3Y="},"indexInfo":{"baseKey":"BQ8AC5B9oUA2xb+w2J3qodSbpkuefApLnavWdsTZ5eUR","baseKeyType":2,"closed":-1,"used":1687911986152,"created":1687911986152,"remoteIdentityKey":"BaXVn1T2uib5xQjj62caDZFD3vHq+Yv/GZRqtADsQFQ/"},"_chains":{"BXSq3ZPWkBpbMjT70vQXgfMSN6dpyTKgmQXqfQOiB6J2":{"chainKey":{"counter":0,"key":"h8ASuslFN87/JvgCqb1oNTr1guImuV5bXuBJDszCwkY="},"chainType":2,"messageKeys":{}},"BRkvLSKQ1RP3CvdcDd8vaJiB+1+x9ILhM41+ALrx/5gu":{"chainKey":{"counter":-1,"key":"xxFCFAVBNzpu8lSStG8CZruT1RbsQ2AncO391TKhKDo="},"chainType":1,"messageKeys":{}}}}},"version":"v1"}