{"_sessions":{"BWoLlSh9PWj1aHlzkVvctXIBs7hHy/bBk96ISmsKqwh5":{"registrationId":1956658382,"currentRatchet":{"ephemeralKeyPair":{"pubKey":"BeZ4SEMtHVHOcppGPcuD8ebZNcv788ugIiwD906tHHQp","privKey":"yCuLdCrllyJKgI94ofWn4p7UcNpQ+gcukFUoVUvTq14="},"lastRemoteEphemeralKey":"BYTHcwkGx9JN+DB5KDclcAKP6XZ4JCObmzOmm1TMSbNw","previousCounter":0,"rootKey":"M1TdKttJ4vD1gVRhtl27U9w5I7CepuwvIVbbpilJvyY="},"indexInfo":{"baseKey":"BWoLlSh9PWj1aHlzkVvctXIBs7hHy/bBk96ISmsKqwh5","baseKeyType":2,"closed":-1,"used":1687901721023,"created":1687901721023,"remoteIdentityKey":"BVmV83gsDtQHDfRQsMYngYzSMFP3nGBEkVZHLPPdQlcv"},"_chains":{"BYTHcwkGx9JN+DB5KDclcAKP6XZ4JCObmzOmm1TMSbNw":{"chainKey":{"counter":5,"key":"BckT1ywU0ox59QOEsoibwCk/j+HYBozMFq+Jj6HPUh0="},"chainType":2,"messageKeys":{"1":"kToQ4SOagCCTtYf10kuYQ8O6msu0jAPUxJKPcmYZftI=","2":"pEQKYVblDNbpEsXf/SIKmfQrS8dQgaGxr6JB1/d0Ft4=","4":"P7whOmurGyK8hLivjJ6/yFjGRrwrg6mcYXdlw6Jxy5I="}},"BeZ4SEMtHVHOcppGPcuD8ebZNcv788ugIiwD906tHHQp":{"chainKey":{"counter":-1,"key":"E3SDBcBFywpnkcUu6neCtjqLA1BxaqfYYQxIhFHHuRQ="},"chainType":1,"messageKeys":{}}}}},"version":"v1"}