{"_sessions":{"BXivce2HUBmpIVuDrsF+dL+zyJzyytqmQ47ifiWk4aQN":{"registrationId":261112565,"currentRatchet":{"ephemeralKeyPair":{"pubKey":"BZbSdZtB5s8LqvKMdp42xXXQJqIeBFOnj7NHfb4KsRFc","privKey":"SHa88rWscGk3OaqLOBc1ooaSOBjoOLm2VMiU6BS77mg="},"lastRemoteEphemeralKey":"BYYdsqquNlwvSW/YJcbch91qt3RjYJRLJEBWu+B4UTcG","previousCounter":0,"rootKey":"kKZYmm23jMKj1tuBUVPfA0eK4oMvWvy7g7aC3887iw0="},"indexInfo":{"baseKey":"BXivce2HUBmpIVuDrsF+dL+zyJzyytqmQ47ifiWk4aQN","baseKeyType":2,"closed":-1,"used":1687818566523,"created":1687818566523,"remoteIdentityKey":"BZXaFANxNmbHeknIgK2tYvAcZC1wZmQd+WLQDgnyCVJV"},"_chains":{"BYYdsqquNlwvSW/YJcbch91qt3RjYJRLJEBWu+B4UTcG":{"chainKey":{"counter":0,"key":"PJD9FDoU4a21tCN8F9hczrzqOruVl7XPaV0oAzp1RXQ="},"chainType":2,"messageKeys":{}},"BZbSdZtB5s8LqvKMdp42xXXQJqIeBFOnj7NHfb4KsRFc":{"chainKey":{"counter":-1,"key":"yTXurmHBuCUc+nRG86upxCiP40FcWaAn3GYkRNdNiwU="},"chainType":1,"messageKeys":{}}}}},"version":"v1"}