{"_sessions":{"Bfu7QLR2xNKkvfxocM4QpbQ7n6SDPAc5SXRsajD2RQlq":{"registrationId":506653634,"currentRatchet":{"ephemeralKeyPair":{"pubKey":"BfuBPrpcTgwO/ilig9586cgfyGZUA75VoOnosxvIXztD","privKey":"CHJRjbEqOuyKN5RsQTo0xAqxR+UgzBwKOsUBQAbBKWI="},"lastRemoteEphemeralKey":"BfWVnyH83iHPT/AC53gR1hwrDrvyDsKKdqb8Zk+RPlgM","previousCounter":0,"rootKey":"P+QEACfuPWrX89xorWKxo9PTjP5+Ozzr+A7sGDMO/+4="},"indexInfo":{"baseKey":"Bfu7QLR2xNKkvfxocM4QpbQ7n6SDPAc5SXRsajD2RQlq","baseKeyType":2,"closed":-1,"used":1687803220788,"created":1687803220788,"remoteIdentityKey":"BcQFXfU5lZkjZ5cyJKGXub2D/MNJVdjCXQHX6eFZB6MI"},"_chains":{"BfWVnyH83iHPT/AC53gR1hwrDrvyDsKKdqb8Zk+RPlgM":{"chainKey":{"counter":11,"key":"4msvHV5aoj4Api63WvWf10Xf3DKA7fjQVr8rj8wT7nU="},"chainType":2,"messageKeys":{"0":"OP+8YUWnMC4ETqJe8Cq4LHT4Bfnriu7habARByfqC/s="}},"BfuBPrpcTgwO/ilig9586cgfyGZUA75VoOnosxvIXztD":{"chainKey":{"counter":-1,"key":"31xkjnRWW9iRXi/dhB+I8HiBCOUp8xg9JLJE7KojvWg="},"chainType":1,"messageKeys":{}}}}},"version":"v1"}