{"_sessions":{"BTFtAb90XIHtTnv4msG2Lgt5P3kR1SNrXHcs/bgnxTMt":{"registrationId":2133322781,"currentRatchet":{"ephemeralKeyPair":{"pubKey":"BT3078WOXhiUYWJi0K1OHqBS3CUeh09vs6BFFSAKgoRk","privKey":"IDiENLjL/eqRp+9wzFx5HdrntxiVieB+ZCoQ2kxjt2Y="},"lastRemoteEphemeralKey":"BW4EZ4bwv8z0O3GMJBcHFW51ZODBrd2B0YBZ5C9gUK5F","previousCounter":0,"rootKey":"OLKu54CVXKbYOoD1lrjcrS9oiVw5TBfteHjX/IMPAmE="},"indexInfo":{"baseKey":"BTFtAb90XIHtTnv4msG2Lgt5P3kR1SNrXHcs/bgnxTMt","baseKeyType":2,"closed":-1,"used":1687803434070,"created":1687803434070,"remoteIdentityKey":"BaKqBrLQF1lZQKqGfhkr/uYsSYedJDpS7x/Ozt6RnkRx"},"_chains":{"BW4EZ4bwv8z0O3GMJBcHFW51ZODBrd2B0YBZ5C9gUK5F":{"chainKey":{"counter":10,"key":"gRTXXRE0rpsFRKDKxL/WF3ckXDdLfnnsrOEFmkUJ3s4="},"chainType":2,"messageKeys":{"6":"9eAH+/KpULUS9sgz/zBLtnGuTVO5W/EqYPJbTKAaCgU="}},"BT3078WOXhiUYWJi0K1OHqBS3CUeh09vs6BFFSAKgoRk":{"chainKey":{"counter":-1,"key":"86E8OWyT8r5j4c8en6dfWap12XfftBaQdxzQ+TZoNzQ="},"chainType":1,"messageKeys":{}}}}},"version":"v1"}