{"_sessions":{"BTr2FejXsJ6wXpbut6CAeo1mUHDWj5/CC1Mk7dgxoDRt":{"registrationId":13008,"currentRatchet":{"ephemeralKeyPair":{"pubKey":"BdQl3XreWb1K8d9Y60RKmHlr8sautn/ir/IGRppJzhId","privKey":"AKRMjKSbhv458MBfFpAe9ZWhUNARBSc1gHNicDzKBFY="},"lastRemoteEphemeralKey":"BbD/8jNyY3t70TzBf7CAUTM5mQEfaLzucYVNCgsc6ztj","previousCounter":0,"rootKey":"GYm9os5qrDs3x0gbiVVd931/ecYe6ByeQGRpVCqI7x8="},"indexInfo":{"baseKey":"BTr2FejXsJ6wXpbut6CAeo1mUHDWj5/CC1Mk7dgxoDRt","baseKeyType":2,"closed":-1,"used":1687881466525,"created":1687881466525,"remoteIdentityKey":"BYgwkyPVHvOxOPk5VLNPi+0qtIT4kJoYivMJEjrSH6wj"},"_chains":{"BbD/8jNyY3t70TzBf7CAUTM5mQEfaLzucYVNCgsc6ztj":{"chainKey":{"counter":1,"key":"bOKhc5Q2zXIFnYhLvjaG76XGaMWofwutd0cOz16Bk5c="},"chainType":2,"messageKeys":{}},"BdQl3XreWb1K8d9Y60RKmHlr8sautn/ir/IGRppJzhId":{"chainKey":{"counter":-1,"key":"CpCrj07Si3urdczraZt4a+D5eG7NdLDRfiiWbfvClFI="},"chainType":1,"messageKeys":{}}}}},"version":"v1"}