{"_sessions":{"BQ/l9nGmVbR+ipqYDT9c0VB85FLMR0lJev7utQOUBiIr":{"registrationId":1122203946,"currentRatchet":{"ephemeralKeyPair":{"pubKey":"BfvwbT6IX53RZLRk/5vjPe8QWN5v8daQBYNS28xDQoAb","privKey":"yBfvVj3mGa3iFRWuW89LAm7L1ECyjwZKW7tKzWmRxnU="},"lastRemoteEphemeralKey":"Bf3PpXnLr5/pmcIOE3JvSl9pvNClJONXr/6JuKD2oM8L","previousCounter":0,"rootKey":"VrXJzOzWv7qkrL1FfKqlUQ95gY0PaOlQgUsbaMUUomc="},"indexInfo":{"baseKey":"BQ/l9nGmVbR+ipqYDT9c0VB85FLMR0lJev7utQOUBiIr","baseKeyType":2,"closed":-1,"used":1687819328873,"created":1687819328873,"remoteIdentityKey":"BdbJjqVRM2lmuFJlkJx6HCUaoNaqZpAHyVk6sqzoPyNS"},"_chains":{"Bf3PpXnLr5/pmcIOE3JvSl9pvNClJONXr/6JuKD2oM8L":{"chainKey":{"counter":0,"key":"ngzeE4QrY+/VFIaXmcAWA7diNcPViYc8H9JLnKFBUgo="},"chainType":2,"messageKeys":{}},"BfvwbT6IX53RZLRk/5vjPe8QWN5v8daQBYNS28xDQoAb":{"chainKey":{"counter":-1,"key":"T5+4FM8USp3ipdp+4L+pRpH86erdVAxz+LQddtq7nxU="},"chainType":1,"messageKeys":{}}}}},"version":"v1"}