{"_sessions":{"BfiRJ2hCljXloBvwXDtmRcRFpRxWaa/OuQVL0yS0wQh4":{"registrationId":1378416190,"currentRatchet":{"ephemeralKeyPair":{"pubKey":"BaHCU4jkoxGmqTqNTKtOzK86eOU87QMuHs1h63P9S80V","privKey":"CO0hD41nnuicLGIo/kK8sp9gWuaPJUWd3ppliOFmuHo="},"lastRemoteEphemeralKey":"BVlOpAUDraKgoB8NbzCuN8Qzb0WeWe2A6WbeTvdZFJso","previousCounter":0,"rootKey":"EYtmQ5RfHmuvQFHw7ua9YE3FH7+LspnpNk9w6RajKyg="},"indexInfo":{"baseKey":"BfiRJ2hCljXloBvwXDtmRcRFpRxWaa/OuQVL0yS0wQh4","baseKeyType":2,"closed":-1,"used":1687823347488,"created":1687823347488,"remoteIdentityKey":"BdbLSjCyhYsnCu6Iyvnzt1NWMD8nrfPCjtto+dbcp8VS"},"_chains":{"BVlOpAUDraKgoB8NbzCuN8Qzb0WeWe2A6WbeTvdZFJso":{"chainKey":{"counter":0,"key":"lGpCT7i0yHb9li/bh1eyGXEf+qvt5b0Ia0PMveekmUk="},"chainType":2,"messageKeys":{}},"BaHCU4jkoxGmqTqNTKtOzK86eOU87QMuHs1h63P9S80V":{"chainKey":{"counter":-1,"key":"QStGuXPKjWh5+1LESNv53uRN/tpNcDsyjT5BzyJtz4M="},"chainType":1,"messageKeys":{}}}}},"version":"v1"}