{"_sessions":{"BWFKYfjLWehh+VnZqxCXJXOawjq961h9KfEa9/+ocd8R":{"registrationId":611139582,"currentRatchet":{"ephemeralKeyPair":{"pubKey":"BQSuMDOOLflcStU+R2Uugy4cYrW0XaQO3Q/HEvbN5e1F","privKey":"iNHSsk31SlCNYeW474azG+vVd5mFpNlqTrMWhvtQjVE="},"lastRemoteEphemeralKey":"BbVGR3plZoZG5Io3S7AtYwmg//BpwPCKuWX4dd83uN87","previousCounter":0,"rootKey":"ZOIqCKOtTjNz2HRId6kxL6uYmXy4MqJ+KfypApnRcHw="},"indexInfo":{"baseKey":"BWFKYfjLWehh+VnZqxCXJXOawjq961h9KfEa9/+ocd8R","baseKeyType":2,"closed":-1,"used":1687818568267,"created":1687818568267,"remoteIdentityKey":"BfZod8BlTr/8bOTbBe6TJyirbwUAc/g5XdNfJ4PkcetA"},"_chains":{"BbVGR3plZoZG5Io3S7AtYwmg//BpwPCKuWX4dd83uN87":{"chainKey":{"counter":3,"key":"re1t95BJQjpdBgLdPyRTg3BYJe22iNZdsqZvWD8Loug="},"chainType":2,"messageKeys":{}},"BQSuMDOOLflcStU+R2Uugy4cYrW0XaQO3Q/HEvbN5e1F":{"chainKey":{"counter":-1,"key":"g4q0YW3kGe61Tn4KCVaCXHbPXCTRDncCIuIncywB7u4="},"chainType":1,"messageKeys":{}}}}},"version":"v1"}