{"_sessions":{"BXmYrH5uoC9BztVdjZTfoxAlJ8P3PhtFL5b+s48GLuoB":{"registrationId":1262575580,"currentRatchet":{"ephemeralKeyPair":{"pubKey":"BQgaiQI8c0cwRWd2nU3N7DpQYjgZksVF8IUoV+woznsx","privKey":"sFIA1ugsVxk7cDFVC5kxQABm3MbUHgsRyUzjYKBbzHY="},"lastRemoteEphemeralKey":"BbN/KcoiigFqfg4kQzTHQN6pZvhFs0x2nsf3HcsXDxhA","previousCounter":0,"rootKey":"qtQNP3mYz/Q39yhSb6AHQ95QRg68T8i4B4qpZNCLl5o="},"indexInfo":{"baseKey":"BXmYrH5uoC9BztVdjZTfoxAlJ8P3PhtFL5b+s48GLuoB","baseKeyType":2,"closed":-1,"used":1687823349011,"created":1687823349011,"remoteIdentityKey":"Bev8d4o+IUR4Rnj2XimqcjMsCOVtn/gUhscyParhyQgk"},"_chains":{"BbN/KcoiigFqfg4kQzTHQN6pZvhFs0x2nsf3HcsXDxhA":{"chainKey":{"counter":1,"key":"Hgxs3nNZrZA9XnyYJHQMYGZ32D7b5+qVHabcQvYcy/M="},"chainType":2,"messageKeys":{}},"BQgaiQI8c0cwRWd2nU3N7DpQYjgZksVF8IUoV+woznsx":{"chainKey":{"counter":-1,"key":"ACIFC2rXrOGzlntbJ7vG6U5qmSzDXj05UtQvitt1auE="},"chainType":1,"messageKeys":{}}}}},"version":"v1"}