{"_sessions":{"Bel2aWQXajZbb7cXIAVPBkdoMAxE8NAu8TzFB/kCMp9N":{"registrationId":988579164,"currentRatchet":{"ephemeralKeyPair":{"pubKey":"Bc38UIx/FwDKiyOZId9FmVo8ynbU7wqHLA5GH2h4Zolz","privKey":"QEoE3D1YRTOIGy5pLOuByIZnmGhHTRMmzzZi/HBS/nU="},"lastRemoteEphemeralKey":"BfbEkJ/kbg1JZELq9iQm8f1qdf/+qi2+qzFGz1Mx751T","previousCounter":0,"rootKey":"tXA2C4qm6VPlUHP7+Q6YFQo1FKfZBbLOJF/nfqUMCCw="},"indexInfo":{"baseKey":"Bel2aWQXajZbb7cXIAVPBkdoMAxE8NAu8TzFB/kCMp9N","baseKeyType":2,"closed":-1,"used":1687877213104,"created":1687877213104,"remoteIdentityKey":"BQzghCVqgng+kw+4vymIFluVKAZm9n1LbakCcAqa6i0T"},"_chains":{"BfbEkJ/kbg1JZELq9iQm8f1qdf/+qi2+qzFGz1Mx751T":{"chainKey":{"counter":0,"key":"rkmYxKWZjurSb25/BAlYpbU0E0MYy18CTdoFiDkZmpM="},"chainType":2,"messageKeys":{}},"Bc38UIx/FwDKiyOZId9FmVo8ynbU7wqHLA5GH2h4Zolz":{"chainKey":{"counter":-1,"key":"x1MYR2sBQsq7KDSOzGADTu9hEEIbKxQPQpIds/F+ybI="},"chainType":1,"messageKeys":{}}}}},"version":"v1"}