{"_sessions":{"Ba+EmXCk7nXN8NGRbxlN9WS1n21TFqveseU6oi4ju3JM":{"registrationId":1465492674,"currentRatchet":{"ephemeralKeyPair":{"pubKey":"Bflxn+ccITUyUaPk0ic0hoQUDuZy8VrC1MslMkHYOGs0","privKey":"iMWC8+/CwYvaYXD2aROvemcdnJlk+yhEdTBLpeOQZE8="},"lastRemoteEphemeralKey":"BeuniH5M/8jV1TN902GlWU9RUYNo7Aug40eBg35oUJBd","previousCounter":5,"rootKey":"k5n+EY+faw4RIsY7Zet4WgE4SC115sDdRBYYDi5t+50="},"indexInfo":{"baseKey":"Ba+EmXCk7nXN8NGRbxlN9WS1n21TFqveseU6oi4ju3JM","baseKeyType":2,"closed":-1,"used":1687911810098,"created":1687803169979,"remoteIdentityKey":"BUgEro5qo5Xp4gDvuaFdFb8p1KlZrIAB0l6fk8/SfLhm"},"_chains":{"BYUJhMbS0ZjebvAWGQ/BC3mW79e3Eb3HMbD5Tbf1qW9h":{"chainKey":{"counter":1},"chainType":2,"messageKeys":{}},"BanQEbD/LApfwflJwM1h+y2Qg5YKj6iTu0p+bBWqXzwV":{"chainKey":{"counter":0},"chainType":2,"messageKeys":{}},"BS3IEqNNrbyieidcbWXNWOFadfM8yId1dOSEUqzHBeBd":{"chainKey":{"counter":2},"chainType":2,"messageKeys":{"1":"QrQk6xy1L4JO8w9Ny8JI2ExSqBiCyVsNYEq8dEvDf6k="}},"BfB6gPFl10Y6TuKcx08PiI4wszlgubmlBWURa72J6nxJ":{"chainKey":{"counter":3},"chainType":2,"messageKeys":{"1":"e6DZTsCDI2wrECz92SQel+iPiVDlH4cyrmG3p2LciR8="}},"Bat4GDypc1pw2JH1xsahuHaZajoSArJ+5vtbvjRyBgQ8":{"chainKey":{"counter":0},"chainType":2,"messageKeys":{}},"BaColVTJhZ1x9zMIU1bMTL9BE5U84wG8FW6RCeaD9el0":{"chainKey":{"counter":8},"chainType":2,"messageKeys":{}},"Bb3/r1KE2V9GFfIzi2SwK41ZU8CyITHeEirV2Tw+huJj":{"chainKey":{"counter":0},"chainType":2,"messageKeys":{}},"BS8yjrG/KLIpwqJElyzkJLevDojXrImIGNrsqpm9SE5I":{"chainKey":{"counter":0},"chainType":2,"messageKeys":{}},"BaJv3NBLVxSDimGFI0ILuOH7wxZBXl0pGZKLG/fhxuNF":{"chainKey":{"counter":7},"chainType":2,"messageKeys":{}},"BSTn6v+eVBUhl6dMKZGWFKVpJ/4pXdHot1QWrgCtoSdX":{"chainKey":{"counter":1},"chainType":2,"messageKeys":{}},"BcP0IpG3Z0Vc1oNwrpfHMa+JFv8DwxnqY6LUpfKmgCBh":{"chainKey":{"counter":18},"chainType":2,"messageKeys":{}},"BZLHhDJ33CPdRbbENGgWTH92yf2MTIC7vR4YBNu1yeJX":{"chainKey":{"counter":0},"chainType":2,"messageKeys":{}},"BTpa+nZp7JV6sGG/BlWSt0ZUSe5RCnoY3heEXXLgQagQ":{"chainKey":{"counter":0},"chainType":2,"messageKeys":{}},"Bf27SD7VvgU0Tvkna056csNIIisY4MPesCpu0xFiqG1c":{"chainKey":{"counter":0},"chainType":2,"messageKeys":{}},"BXC4mE2IbHkvzL/I4RqIlKAfFhXChSHkBSegxdVpK9Be":{"chainKey":{"counter":0},"chainType":2,"messageKeys":{}},"BeuniH5M/8jV1TN902GlWU9RUYNo7Aug40eBg35oUJBd":{"chainKey":{"counter":5,"key":"j0MXkEhxVGBcOWsarLluyqoEvce4HLYHBRHgFDi+EJA="},"chainType":2,"messageKeys":{}},"Bflxn+ccITUyUaPk0ic0hoQUDuZy8VrC1MslMkHYOGs0":{"chainKey":{"counter":-1,"key":"s8hD/L3Q4aIjEGKjoiczbVxHZi/WTHkjzQS9N1yLGLk="},"chainType":1,"messageKeys":{}}}}},"version":"v1"}