{"_sessions":{"BT9klxEIfRh4J6eOu8tO+adhqM5oNgyqgN+pS0bI8YwO":{"registrationId":1619608771,"currentRatchet":{"ephemeralKeyPair":{"pubKey":"BdfFvuxPQbez427gbyeXe1UjSarjcW5Lb9GxMYy+cP85","privKey":"wAOEtcVgSj/FwSfs1QBu582v76l5aUVeVVFNS1aIf1c="},"lastRemoteEphemeralKey":"BYGxtYkkdpP5PEkZBJgcUPHvvRKSJ5P20gXOAQ0WwIpk","previousCounter":0,"rootKey":"rMaljXw53kA1oIhhRX8roTUU033RO7xox7hx+7HAi/k="},"indexInfo":{"baseKey":"BT9klxEIfRh4J6eOu8tO+adhqM5oNgyqgN+pS0bI8YwO","baseKeyType":2,"closed":-1,"used":1687829712836,"created":1687829712836,"remoteIdentityKey":"BR28BFRSX7xHvoBI8BiKtZJEH+Hr59yDqIfGsUc+WDgh"},"_chains":{"BYGxtYkkdpP5PEkZBJgcUPHvvRKSJ5P20gXOAQ0WwIpk":{"chainKey":{"counter":3,"key":"7Ru6YaKxyf16gAoe/v0knKL5e+K9qy2C++ABvqd0AwY="},"chainType":2,"messageKeys":{}},"BdfFvuxPQbez427gbyeXe1UjSarjcW5Lb9GxMYy+cP85":{"chainKey":{"counter":-1,"key":"Hd9NORfg7HM+cVBeclU3j7gwfK4dhmFInv+KFTZdYzA="},"chainType":1,"messageKeys":{}}}}},"version":"v1"}