{"_sessions":{"BW3lsUhDRLP9muR2XgBuy2rYK3E5PmuS+l26POk8KgIh":{"registrationId":955460299,"currentRatchet":{"ephemeralKeyPair":{"pubKey":"BbQ0+tjR5Vh0S1qNi2LKKHfoOmcBweAsd106Pl+7/7Ea","privKey":"INo5OnMExFS9LMTaZNA0BdvpTts0NcF3UWhZExZyC3U="},"lastRemoteEphemeralKey":"BZdK14GdfyOSgIzzaZnTUkjB5clxG6V30TjJRkFGsVwP","previousCounter":0,"rootKey":"ycIbQzEsASCmNZvvZ6LOJ5LXn3AHxdqpzjjFqTiLkWo="},"indexInfo":{"baseKey":"BW3lsUhDRLP9muR2XgBuy2rYK3E5PmuS+l26POk8KgIh","baseKeyType":2,"closed":-1,"used":1687818565726,"created":1687818565726,"remoteIdentityKey":"BTR7GqZ8bnQRGt4Erq8OpyCnrzVhIj3c6CtELFuNtVdB"},"_chains":{"BZdK14GdfyOSgIzzaZnTUkjB5clxG6V30TjJRkFGsVwP":{"chainKey":{"counter":2,"key":"TcL2YN/kuIcWr5UtWbgSykLil7BbQ1LieVr44uP70UQ="},"chainType":2,"messageKeys":{}},"BbQ0+tjR5Vh0S1qNi2LKKHfoOmcBweAsd106Pl+7/7Ea":{"chainKey":{"counter":-1,"key":"8wOWsVx0oQuJi6I4OSUfff2mCc4MwaLb+vlp7jmtU3g="},"chainType":1,"messageKeys":{}}}}},"version":"v1"}