{"_sessions":{"BRZbCq6GdiHpaG8mgyrXqnLjP9qo8n52JZhU9JSWiB1W":{"registrationId":2123135323,"currentRatchet":{"ephemeralKeyPair":{"pubKey":"BXiAM/e/3jY8X/AZLYFsCBSIlT+qn/+MmXAlDRVAu3kG","privKey":"+M/Y6ZxyluAk5kCTAkbdHBLSDtLeusPmf+dvsSWFX2k="},"lastRemoteEphemeralKey":"BSPDSYW4BUvxeZPxAj0budlx0A7k2dxQk0fS+MHq0a9B","previousCounter":0,"rootKey":"c6BWHZ3uLl12PLlcgPG3HnY3BJ+U1qsbPTsk1kE1eWM="},"indexInfo":{"baseKey":"BRZbCq6GdiHpaG8mgyrXqnLjP9qo8n52JZhU9JSWiB1W","baseKeyType":2,"closed":-1,"used":1687911810455,"created":1687911810455,"remoteIdentityKey":"BZTVlx1mWkWz7Grhn/H8EhOxbvnAyeBjsEb3C3OBu8Am"},"_chains":{"BSPDSYW4BUvxeZPxAj0budlx0A7k2dxQk0fS+MHq0a9B":{"chainKey":{"counter":0,"key":"QWLPXK1QvW2NP70dCVNHvfvi+UhI7uzyl3JdJ9aSbUc="},"chainType":2,"messageKeys":{}},"BXiAM/e/3jY8X/AZLYFsCBSIlT+qn/+MmXAlDRVAu3kG":{"chainKey":{"counter":-1,"key":"nyL9JpjPV6kYr+ly+A42+t54JhPTqOzudDj8G1mjCWA="},"chainType":1,"messageKeys":{}}}}},"version":"v1"}