{"_sessions":{"BbNPeGn9b4VnZcE/aDnMhKoiU0ZzICHdDNmhIwtmsO0/":{"registrationId":16033,"currentRatchet":{"ephemeralKeyPair":{"pubKey":"BUOsVh60oMOlUL0ZgYXYxsj1b1lncezGgSFto+codeha","privKey":"IFFnQXljRgUp//a22Wpv9iES+1dUOJznsSQpEe8+4XM="},"lastRemoteEphemeralKey":"BcfxtSskP7SD3Y/5I6fiWXVs+9IDL/drOsN8PCzEZms4","previousCounter":0,"rootKey":"5wVPLwDdZzAvUjOwjtME1QcVMAd0eQDDJJXS64xwOYA="},"indexInfo":{"baseKey":"BbNPeGn9b4VnZcE/aDnMhKoiU0ZzICHdDNmhIwtmsO0/","baseKeyType":2,"closed":-1,"used":1687901718346,"created":1687901718346,"remoteIdentityKey":"BeplBkCTgSMpFK3D1P9YrXwI+lNOtO4gPY7SyjHH0UYV"},"_chains":{"BcfxtSskP7SD3Y/5I6fiWXVs+9IDL/drOsN8PCzEZms4":{"chainKey":{"counter":3,"key":"g3cOB82cGalIZR0uzaEkhW+dm9BWpB9EjiLujvc2ksg="},"chainType":2,"messageKeys":{}},"BUOsVh60oMOlUL0ZgYXYxsj1b1lncezGgSFto+codeha":{"chainKey":{"counter":-1,"key":"k+5UnIx8Xdm7WfMBoACSxb+zM0Bq2I+L1hwoh4tqy1I="},"chainType":1,"messageKeys":{}}}}},"version":"v1"}