{"_sessions":{"Bf65j9o2k4JN/iHOGWPEiF0dh3yO2WXs4VwkRTOCSeJY":{"registrationId":1863695689,"currentRatchet":{"ephemeralKeyPair":{"pubKey":"BVA5hmR6rARQ1kcMqIOsooEMo8c9+hZsDHPwYaBan4Y/","privKey":"CBetA0w9Vr53M0NianIuzQZWrFg+tVjwGAd+2+X0Z1s="},"lastRemoteEphemeralKey":"BcpNXXJuvsh1QIU7S3jqU5ljFJ7TlrQXI1aqovGXVkI1","previousCounter":0,"rootKey":"/Uh6S26PtV0sTQP1VdAT4UKlTYtwn+QfbFzNXP76qsY="},"indexInfo":{"baseKey":"Bf65j9o2k4JN/iHOGWPEiF0dh3yO2WXs4VwkRTOCSeJY","baseKeyType":2,"closed":-1,"used":1687818631309,"created":1687818631309,"remoteIdentityKey":"BYTXN3SdQ/mv0qfCwHtue9KVA5FpRsbF0o/i+53LdGNX"},"_chains":{"BcpNXXJuvsh1QIU7S3jqU5ljFJ7TlrQXI1aqovGXVkI1":{"chainKey":{"counter":0,"key":"u836csahnqHS4K2Pv1n4HcdMxhy0WVOgWg9HZ1YhsGE="},"chainType":2,"messageKeys":{}},"BVA5hmR6rARQ1kcMqIOsooEMo8c9+hZsDHPwYaBan4Y/":{"chainKey":{"counter":-1,"key":"5tAgKZR0xOPjaVhi+RZWS30ShsnWS5xsZ1xGB71rfcs="},"chainType":1,"messageKeys":{}}}}},"version":"v1"}