{"_sessions":{"BXWADHlvQL+ayIgoqGIqOczP7jrOwZPSrm1JQ7dIQ2kZ":{"registrationId":469636179,"currentRatchet":{"ephemeralKeyPair":{"pubKey":"BZ3NoZFNh/J+qsJjgT84rGs9gdHRoTKX1NvZLIFJTNhe","privKey":"GPQMWM5OTvApKsCWzMAO9H5qn2MOIo8sdoI/PB9FG38="},"lastRemoteEphemeralKey":"BZD/UWrjpADYNLno3vTekuKGmXiruTyGFxNx7LQu2X8S","previousCounter":0,"rootKey":"V3TcOLpmriYN2zb2Umng9F8FiOprMMej2E01M20p3PE="},"indexInfo":{"baseKey":"BXWADHlvQL+ayIgoqGIqOczP7jrOwZPSrm1JQ7dIQ2kZ","baseKeyType":2,"closed":-1,"used":1687818560253,"created":1687818560253,"remoteIdentityKey":"BUUsaLzaOLz6G2XHIUzBJ0NXPLYCWRkgqRLCAs6TLvYb"},"_chains":{"BZD/UWrjpADYNLno3vTekuKGmXiruTyGFxNx7LQu2X8S":{"chainKey":{"counter":11,"key":"Iy/HPUpR7Q0dFdT+TzZ6tqluLcsFntvYMRLGdJAnVm0="},"chainType":2,"messageKeys":{"4":"SYwBpJ1UN5vhda8WsutfVxUjOt8qSz+7dQyQJ3+PGeg=","5":"xHaGw19rQpTd0U17UFMvTSFv4AzWEKtpn52zk6thPLc=","6":"p3+Nnkwv1A+6kTgIEZoHd6GJxTSG993jQzJQd34zvYg=","7":"LbtHxiMFwkocHGB5yWWHI3MINZdMPmi1/PQaUu6fCyU=","8":"4TY6mBMiW6ERhGB+PnYfy4pPqG4x8Gxp6fBrqk8fyXo=","9":"V/W9pXxbUwTJut6H4oLyUAZhNTjBD0Uxe19SNatL6+A="}},"BZ3NoZFNh/J+qsJjgT84rGs9gdHRoTKX1NvZLIFJTNhe":{"chainKey":{"counter":-1,"key":"8Ucdbgq0NsHzCJUt1QoH/axLNLPyIHacvYwjGe0vLlg="},"chainType":1,"messageKeys":{}}}}},"version":"v1"}