{"_sessions":{"BZDdTNoXFpqKNLoNio7XidE7mM/Vs9LFb4wgaoT+rZJT":{"registrationId":234544604,"currentRatchet":{"ephemeralKeyPair":{"pubKey":"BWr63Eyl0CWX887LNSl+npVcJEwh5CfJYiUgJ2T48UkI","privKey":"sGhYjLVzQzUf3EWa22zlbyt/peaKl9apawkYMdU5IU8="},"lastRemoteEphemeralKey":"Ba1ykyVkD6egdfhvpZ7cbaGkJnPgocIdnqa5NsXM0iVd","previousCounter":0,"rootKey":"G8qHMAU4oLG0gwfPaf9Tw8jfJQsJL6pdo30ycWWOcRc="},"indexInfo":{"baseKey":"BZDdTNoXFpqKNLoNio7XidE7mM/Vs9LFb4wgaoT+rZJT","baseKeyType":2,"closed":-1,"used":1687818558912,"created":1687818558912,"remoteIdentityKey":"BeMvzu9B5uA3kFUxQFHhWGXwnZDMWQZlfpfYIwlJ8ZNZ"},"_chains":{"Ba1ykyVkD6egdfhvpZ7cbaGkJnPgocIdnqa5NsXM0iVd":{"chainKey":{"counter":7,"key":"iS5j+zoQtLLQ/NUA08SpH8TZ2wIAVqAw0u9t5BrwNrk="},"chainType":2,"messageKeys":{}},"BWr63Eyl0CWX887LNSl+npVcJEwh5CfJYiUgJ2T48UkI":{"chainKey":{"counter":-1,"key":"l4uw/7RaQ1QQCDnycLAwGCe+mAX5tBSN1bA72TP8pZk="},"chainType":1,"messageKeys":{}}}}},"version":"v1"}