{"_sessions":{"BYi03a3Z3Fl7OgT77tLl4dgoX9lzDzYk5EwM0mILdsNI":{"registrationId":105275743,"currentRatchet":{"ephemeralKeyPair":{"pubKey":"Ba3XzC1ErRo6JUEghODXaK/2noMHCY5+sw0pUmDTVlh8","privKey":"cDgZNcZL1uMvLQTOj5mSi875ybswCQMNVYmfELsqhFE="},"lastRemoteEphemeralKey":"BeoiLdovk3EL+F8IgZkgeyrP5Gxw8//n+4zbbL1JsMoP","previousCounter":0,"rootKey":"oawU5RpRZypuvJ9CKP4LjqOE0ldcF9by5b0qmjTYXPA="},"indexInfo":{"baseKey":"BYi03a3Z3Fl7OgT77tLl4dgoX9lzDzYk5EwM0mILdsNI","baseKeyType":1,"closed":-1,"used":1687819868458,"created":1687819868458,"remoteIdentityKey":"BSKn51TjEiZ9QsIDwiGOGgiQOsTMobyS7+aPg7JoM8pu"},"_chains":{"Ba3XzC1ErRo6JUEghODXaK/2noMHCY5+sw0pUmDTVlh8":{"chainKey":{"counter":0,"key":"UVfH7ovwb8v2vnV/WB5VCytzL1e+FxLR4HG2nGcEym0="},"chainType":1,"messageKeys":{}}},"pendingPreKey":{"signedKeyId":0,"baseKey":"BYi03a3Z3Fl7OgT77tLl4dgoX9lzDzYk5EwM0mILdsNI","preKeyId":10113562}}},"version":"v1"}