{"_sessions":{"BWSxHF03tkxrQVyLysr9jr57g5Dr2IAKKrpBipM3ha9b":{"registrationId":1667969536,"currentRatchet":{"ephemeralKeyPair":{"pubKey":"BW4FJGRHWX0v4bICKztv+mp57TpgGdP9k1njWj5IRwdk","privKey":"ODPHscvIvayrhPESZ0nxrRS9xBT6jqUqVvNU2kW72kw="},"lastRemoteEphemeralKey":"BWB3o9uLzLTKRTCvo9nN2CuBfUbuppxs+zHN2h6C7GJe","previousCounter":0,"rootKey":"I56mdDWVRxUUdZ27DbuvqAaAb2Yq649++jTWiNYvBqY="},"indexInfo":{"baseKey":"BWSxHF03tkxrQVyLysr9jr57g5Dr2IAKKrpBipM3ha9b","baseKeyType":2,"closed":-1,"used":1687877210703,"created":1687877210703,"remoteIdentityKey":"BTIgpivTNt48jPWxGM9s23i3xJVlxAE95DT5bPF5bphn"},"_chains":{"BWB3o9uLzLTKRTCvo9nN2CuBfUbuppxs+zHN2h6C7GJe":{"chainKey":{"counter":0,"key":"A1X+k1B7QyiEpsTBr18TBHFHlizmV+tN6N9c82J6Ihs="},"chainType":2,"messageKeys":{}},"BW4FJGRHWX0v4bICKztv+mp57TpgGdP9k1njWj5IRwdk":{"chainKey":{"counter":-1,"key":"aXrtkNrJ+igCRo9gBLUolo4sBz56ijbc0c3woj8idpk="},"chainType":1,"messageKeys":{}}}}},"version":"v1"}