{"_sessions":{"BSE0WDgFj7qwqyGyIpBkORVdRwZTlrJ1IzaLYWk2Szk+":{"registrationId":940232317,"currentRatchet":{"ephemeralKeyPair":{"pubKey":"Bd6LeLcuqqMLHlLOV3iOM+J+LpC/HsbqFTt/ipJADlNU","privKey":"ILDV57QOp/txgagq4BKFkwLIG0E4Wd8yZMHpqQjy90Q="},"lastRemoteEphemeralKey":"Baj+BUiNOFGtU46yitldyi5MTp5gawfX716MC4iGsnIw","previousCounter":0,"rootKey":"DKgds6lA0BhAnmtXQ6VVBnTTY+kAK5UDPyM7oBGE+gU="},"indexInfo":{"baseKey":"BSE0WDgFj7qwqyGyIpBkORVdRwZTlrJ1IzaLYWk2Szk+","baseKeyType":2,"closed":-1,"used":1687818567036,"created":1687818567036,"remoteIdentityKey":"BfH+O0gOpyJ9vO5ZQWkAguz4G9i/m9qHjCrEyZ8fcGZr"},"_chains":{"Baj+BUiNOFGtU46yitldyi5MTp5gawfX716MC4iGsnIw":{"chainKey":{"counter":1,"key":"luekQoLK7vjvmUd2MVeR5AVKazGVa8UHLPFH6Dqo8nk="},"chainType":2,"messageKeys":{}},"Bd6LeLcuqqMLHlLOV3iOM+J+LpC/HsbqFTt/ipJADlNU":{"chainKey":{"counter":-1,"key":"AFH25H9FwiGIWPjLjuCwrRPlFipm+D6N4J5ZlNMYzYw="},"chainType":1,"messageKeys":{}}}}},"version":"v1"}