{"_sessions":{"Bf/DyqSFBo7Z5Vag+Zv0TKxWSjR8p4d1cSBxa0drCFsq":{"registrationId":964120298,"currentRatchet":{"ephemeralKeyPair":{"pubKey":"BQ0hRRuVmjgA3388k9rPirXKnT4OjglRq3g3OXCILW4K","privKey":"gMO8ru9VyW2IV7yyawdTIupMxqO0MODTk5U10gbgAk4="},"lastRemoteEphemeralKey":"BdSMrUE1Tv7PCyQr+OlSxx2+pAhEMx+NGYnKT1zqkQRE","previousCounter":0,"rootKey":"dFLsmDxPFEaJyoU3gQa9CvroqyJD4NpWE9rrE5e7KRg="},"indexInfo":{"baseKey":"Bf/DyqSFBo7Z5Vag+Zv0TKxWSjR8p4d1cSBxa0drCFsq","baseKeyType":2,"closed":-1,"used":1687818560372,"created":1687818560372,"remoteIdentityKey":"BZrbhr2Wd60WzyexNTy9uXyLNc+r3D9jb7qEIzybA7se"},"_chains":{"BdSMrUE1Tv7PCyQr+OlSxx2+pAhEMx+NGYnKT1zqkQRE":{"chainKey":{"counter":12,"key":"maC1psbDIryResppBXxR4zOUjT5+tdF80CNp+7Q1Tf8="},"chainType":2,"messageKeys":{}},"BQ0hRRuVmjgA3388k9rPirXKnT4OjglRq3g3OXCILW4K":{"chainKey":{"counter":-1,"key":"ODCyKuG9jWPsHaneguHp4tTxssslZ76aIUTv/dsiH0A="},"chainType":1,"messageKeys":{}}}}},"version":"v1"}