{"_sessions":{"BVJZPEvqkbTB87rJJKXyW5UXmJqhZCJ2ltMdivbzholL":{"registrationId":1217225937,"currentRatchet":{"ephemeralKeyPair":{"pubKey":"BYyWVZenyQgyxfxVGVO1kykfbveIP1AFBk8giW2GGAcH","privKey":"mGcPkTeqSDRFiq83qyeRd8YS/VinlYFquDPvxLW2W1w="},"lastRemoteEphemeralKey":"BS8nU6nnc4INoYGBxlNTVa4fINMDqd1gpE0tzRW+bAcP","previousCounter":0,"rootKey":"gNbTYR3NXmotDU0QuW5bihLhKfQi6sPJE3wsZGUuZdc="},"indexInfo":{"baseKey":"BVJZPEvqkbTB87rJJKXyW5UXmJqhZCJ2ltMdivbzholL","baseKeyType":2,"closed":-1,"used":1687818565480,"created":1687818565479,"remoteIdentityKey":"BfVtC2mg8GMqLhirJ/C+SNAfD4P7aKNs0ymUA8Fvbcp8"},"_chains":{"BS8nU6nnc4INoYGBxlNTVa4fINMDqd1gpE0tzRW+bAcP":{"chainKey":{"counter":3,"key":"7bEwU1QHmZ/tsoM2MN84g8pWUfcD+RpMRRbVy1Tz5Oo="},"chainType":2,"messageKeys":{"2":"Bc33mk+9XY79Sxh5fD6Rq/Yt2mezAVfbyQpltiMslvo="}},"BYyWVZenyQgyxfxVGVO1kykfbveIP1AFBk8giW2GGAcH":{"chainKey":{"counter":-1,"key":"k99cVxpIyLYNypCV9SWIALXIJBxwRFT+PSyWxBPchqY="},"chainType":1,"messageKeys":{}}}}},"version":"v1"}