{"_sessions":{"BRhrfBoK+COg58JMLibukwZVjX4Gc2uT5erSpe50Qlkn":{"registrationId":2010068520,"currentRatchet":{"ephemeralKeyPair":{"pubKey":"Bb3LP2qMU3UJnPX3IUWWW2y39U55hmf9cOzsgmc+av5G","privKey":"GJq9d+7xGMJlMmQtWj0xEpYMW9SBBu4b2Lc6wFRrhFs="},"lastRemoteEphemeralKey":"BeaP+EH0pbEsWuEwprAq9tIA9hGgcDFJAB3Ae0C6IAIw","previousCounter":0,"rootKey":"SQ9UFjFwbRxRdJc/cXoGiw5uVFlznLUHe5AVqVgUb3E="},"indexInfo":{"baseKey":"BRhrfBoK+COg58JMLibukwZVjX4Gc2uT5erSpe50Qlkn","baseKeyType":2,"closed":-1,"used":1687912765772,"created":1687877209901,"remoteIdentityKey":"BbRVY72pQQj/Wx1TAucOBBVBFyOcA6z8hkwpoVPePvhw"},"_chains":{"BV8dPUegAwpWFNe3vmZPkkLuBdSSYQL1fSuH8MisI/p2":{"chainKey":{"counter":8},"chainType":2,"messageKeys":{}},"BXu8RY97yX50uFpYS0Lt2U8jtVmfoW2WBu7MmB0lPGZG":{"chainKey":{"counter":2},"chainType":2,"messageKeys":{}},"BV+RlhUm6M7JHQRXvKErYykXuccPMguIlBc6CrR0OHg0":{"chainKey":{"counter":2},"chainType":2,"messageKeys":{}},"BXoA8J/cYzCYnAGcP9MsP2pUKAn5Ag3kQ6RvdB7SKocS":{"chainKey":{"counter":5},"chainType":2,"messageKeys":{}},"Ba7w+0NVJ6wfNGCF1sSgT84LIGRlWoSbTGFYaXLrPNlp":{"chainKey":{"counter":1},"chainType":2,"messageKeys":{}},"BeaP+EH0pbEsWuEwprAq9tIA9hGgcDFJAB3Ae0C6IAIw":{"chainKey":{"counter":11,"key":"GDqf9Irh7AtIBULiMnprDPyq76Gm5zR117utheYuRsM="},"chainType":2,"messageKeys":{}},"Bb3LP2qMU3UJnPX3IUWWW2y39U55hmf9cOzsgmc+av5G":{"chainKey":{"counter":-1,"key":"YFbCT0ETJF259PzkK6WUZQdWnlcc8q10HvNoV8PZpvY="},"chainType":1,"messageKeys":{}}}}},"version":"v1"}