{"_sessions":{"BSFy2lqTstXTcE+rIyc8Q+pTANQUdmL1s54cg2H9ZuI6":{"registrationId":361330256,"currentRatchet":{"ephemeralKeyPair":{"pubKey":"BWzoQotaB1MNjxUBD/aNbSyPhgzdDRWvk5G9myqZRu8z","privKey":"AOIwwUGyH5aFbeqa6TcmAh6+DgVeTS6NTs4XDUviGn0="},"lastRemoteEphemeralKey":"BciYn29/MuHTXVxrZPlOnUP2so0tcXuC4LUgXhF6hu0X","previousCounter":0,"rootKey":"VjQF3r6/GDOd8G7H/iJe+iLv3KCWAvr65Ot+fnzMj8I="},"indexInfo":{"baseKey":"BSFy2lqTstXTcE+rIyc8Q+pTANQUdmL1s54cg2H9ZuI6","baseKeyType":2,"closed":-1,"used":1687877210195,"created":1687877210195,"remoteIdentityKey":"BWmvU2V2Bj+A6vgNXjfk5uDoHlmgUZ5+qdzoDWv+GoN1"},"_chains":{"BciYn29/MuHTXVxrZPlOnUP2so0tcXuC4LUgXhF6hu0X":{"chainKey":{"counter":5,"key":"JXvKV/+v6y6k9I/zmg196vZBbPpDL5o6a3oiLHBGJi8="},"chainType":2,"messageKeys":{}},"BWzoQotaB1MNjxUBD/aNbSyPhgzdDRWvk5G9myqZRu8z":{"chainKey":{"counter":-1,"key":"yx4uvKuA79jrETBqHkg6v0kfeKGIQxvmsLvcMNSu+vo="},"chainType":1,"messageKeys":{}}}}},"version":"v1"}