{"_sessions":{"BVJBaGEiBDcgLWKmTHzk+NR5L1rm4VA/ET5wJzfy/AQz":{"registrationId":663584204,"currentRatchet":{"ephemeralKeyPair":{"pubKey":"BUon05x40KRVVUoRhVU0OD4x9HqG3Np44WBBDSFb4Iwk","privKey":"QPjQ9CMSqK9qhYXD182Im3LmJqZBNT8be8r6kNtyS30="},"lastRemoteEphemeralKey":"BbM1Us3EtWurKzis0llfXnnNj62utGt51IO6XXT6M7gG","previousCounter":0,"rootKey":"O0UPTXQgc+4WxJalOULFrJILlp81udWwGs6I09DSOaI="},"indexInfo":{"baseKey":"BVJBaGEiBDcgLWKmTHzk+NR5L1rm4VA/ET5wJzfy/AQz","baseKeyType":2,"closed":-1,"used":1687818562059,"created":1687802729341,"remoteIdentityKey":"BYv4R2nCevvH6QtdaFbFwk8AQZr97I9jxXCNzj7894Vx"},"_chains":{"Bdwm/MWpMPu3QNWg2jlgVcXiZyF56WMSvhE81YyfDoA1":{"chainKey":{"counter":0},"chainType":2,"messageKeys":{}},"Bck+v0pB7CN1cwzb9yS1A47CFs2cBZ8rWhAU86Eh6mlc":{"chainKey":{"counter":0},"chainType":2,"messageKeys":{}},"BQbD00hBQr166FP+uiKJTEwblPsuORlSQkj0cmlz7fse":{"chainKey":{"counter":0},"chainType":2,"messageKeys":{}},"BTVkChf6tvNI2cOKSIaMp/a4Ez8uNeDCxvBVAeU4Hj46":{"chainKey":{"counter":0},"chainType":2,"messageKeys":{}},"BVD/EMOz51iNbY1HsqdSt2/jn0cl6OKvMChQLPIyB3g9":{"chainKey":{"counter":0},"chainType":2,"messageKeys":{}},"BUPKODCv5Xywj5k8DNb5/PIYV8bs4Qmn4hCx+qQFdNRb":{"chainKey":{"counter":0},"chainType":2,"messageKeys":{}},"BTC2D5heYoj4eADsSbhD+oHS9n18lmYiDrE3cMbkSahi":{"chainKey":{"counter":0},"chainType":2,"messageKeys":{}},"BeTFx7cQ5++Ecy+ybJMdgbmjNV2Lu9L3RvtQwJ2B9z4I":{"chainKey":{"counter":0},"chainType":2,"messageKeys":{}},"BSyLfyNgTqvYEl46xOmW2xdJRDP2d6xFdHTEk+fnthdz":{"chainKey":{"counter":0},"chainType":2,"messageKeys":{}},"BaaADc3EX/MUjEeBdec60xZz8bGD+AwXaU9dfgbBP686":{"chainKey":{"counter":0},"chainType":2,"messageKeys":{}},"BSt2czrmQG4Yt1EXysHX3k6Dyy55vZAomvi8q7aVZ/sS":{"chainKey":{"counter":0},"chainType":2,"messageKeys":{}},"BT4ltuPi1BXCFEumtzrDbCGJBgr0Hd4DosPIgiXMry8v":{"chainKey":{"counter":0},"chainType":2,"messageKeys":{}},"BeSh2AFqdQmJ5rCckzuqZMxfyee2B4a6etbiaBiWVsx8":{"chainKey":{"counter":0},"chainType":2,"messageKeys":{}},"BRAHSu+N7agvjXBIhdCGMDNUhkME60ecZ9PXJ0HOb2kK":{"chainKey":{"counter":0},"chainType":2,"messageKeys":{}},"BbX/jjUGlzZfOFCwTfOT5dPTA0Lr5uh4mVqsNzIgs2dm":{"chainKey":{"counter":0},"chainType":2,"messageKeys":{}},"BbM1Us3EtWurKzis0llfXnnNj62utGt51IO6XXT6M7gG":{"chainKey":{"counter":2,"key":"CLgM6yWagKcN8PQ0QzSHvheZ1Bg7EbdvIAY/i0zpsUM="},"chainType":2,"messageKeys":{}},"BUon05x40KRVVUoRhVU0OD4x9HqG3Np44WBBDSFb4Iwk":{"chainKey":{"counter":-1,"key":"VMg/0BrKrYKNKl760cawoo1aSqrm+vYny8JLSlaRoKg="},"chainType":1,"messageKeys":{}}}}},"version":"v1"}