{"_sessions":{"BdRHMXkIW8VM9+PLV5YPM/it+K5gFLsom5m+gc5E1p4x":{"registrationId":228426243,"currentRatchet":{"ephemeralKeyPair":{"pubKey":"BYpkS/kk33CXSOXFQZ6wnAUhNmzV2kVu8f3/kCyrSvxW","privKey":"EMFTpPti9PpdRPYvbtsPIID/bldRgd0y/SVlDnLLkWg="},"lastRemoteEphemeralKey":"BT48dDy5kV7QmnKvlZeI5E1HxjvS1aeSQj9OIyzq+74w","previousCounter":0,"rootKey":"uSHhk8kUZoh2qLbrdZTz9MZionDPFDlQ/JT0eujxe3M="},"indexInfo":{"baseKey":"BdRHMXkIW8VM9+PLV5YPM/it+K5gFLsom5m+gc5E1p4x","baseKeyType":2,"closed":-1,"used":1687881466224,"created":1687881466224,"remoteIdentityKey":"BdmF+FJOAz23CL5rqNnox8tk/PzUA6bM4sja7PxNZWU0"},"_chains":{"BT48dDy5kV7QmnKvlZeI5E1HxjvS1aeSQj9OIyzq+74w":{"chainKey":{"counter":0,"key":"p8HAEjuLraVk4M2ptA9d/PxA+akHGkOsTDS9t0lIRHM="},"chainType":2,"messageKeys":{}},"BYpkS/kk33CXSOXFQZ6wnAUhNmzV2kVu8f3/kCyrSvxW":{"chainKey":{"counter":-1,"key":"1GRwxLvKAXHrkDNEHDcXVX9cyqb0HAnn+xYzl82IWbE="},"chainType":1,"messageKeys":{}}}}},"version":"v1"}