{"_sessions":{"BW7SN+nG7N2mNOkJRNr6xoAwNxnzleK63KkxBMcOZI5G":{"registrationId":1811105876,"currentRatchet":{"ephemeralKeyPair":{"pubKey":"BRK1zlG+WeKelJpmkQEoU2CXbcMC/OouXJQdwVkJGSEI","privKey":"qFMqySQZ0ABza2WG7ViairUxmtSyBIW2SiydL3bWzVc="},"lastRemoteEphemeralKey":"BaBU79HN35xRXXS6ZKzacaecE63P9OtlXMJgqEZRP4lS","previousCounter":0,"rootKey":"671B/uZrij8qLhHGPYhl4XwFdYrLz0fTGJxwQbssNAg="},"indexInfo":{"baseKey":"BW7SN+nG7N2mNOkJRNr6xoAwNxnzleK63KkxBMcOZI5G","baseKeyType":2,"closed":-1,"used":1687820730017,"created":1687820730017,"remoteIdentityKey":"BT9bj5u5pf/8mMrlL1Ywd34MRi8pYhPIy+J/jknx8kZD"},"_chains":{"BaBU79HN35xRXXS6ZKzacaecE63P9OtlXMJgqEZRP4lS":{"chainKey":{"counter":0,"key":"stczIGK3f2SpyjOutJjDjgMU5op/CoNpS5HppIF8am4="},"chainType":2,"messageKeys":{}},"BRK1zlG+WeKelJpmkQEoU2CXbcMC/OouXJQdwVkJGSEI":{"chainKey":{"counter":-1,"key":"xzocUZ6iBi1RF7xBKE+QJMNvUzYpzTOEhWfKqIOoMuQ="},"chainType":1,"messageKeys":{}}}}},"version":"v1"}