{"_sessions":{"BR4rQyL13LF+2ERp0wIicv2vn5BzZiDBIqe8NaVvpTEq":{"registrationId":1417850339,"currentRatchet":{"ephemeralKeyPair":{"pubKey":"BRz6UnwAKGkRq3gZd33dv8K4IvmIpSHS0of/twDYTMY4","privKey":"YJBWxhGtkSVaonFMCW26REazBdYuX6AXgjTSdsTMWVE="},"lastRemoteEphemeralKey":"BdXyiE9vmd4ozagXAFod8vrxvXbyQDODXAsaL40d7DkO","previousCounter":0,"rootKey":"Sq3UW45Z5R6xCfbqYwdBr2TF6fdiw/kUsgvGuIkbZN4="},"indexInfo":{"baseKey":"BR4rQyL13LF+2ERp0wIicv2vn5BzZiDBIqe8NaVvpTEq","baseKeyType":2,"closed":-1,"used":1687877212805,"created":1687877212805,"remoteIdentityKey":"Bf1nQXbkGzq8QZ71Y7rpHPykG3bPbFgLNQuiR9vQdLk8"},"_chains":{"BdXyiE9vmd4ozagXAFod8vrxvXbyQDODXAsaL40d7DkO":{"chainKey":{"counter":0,"key":"3wAbm/Qm0W/u0A1SaeWQO+fYYMVEzlOp3yOMJqv5TMM="},"chainType":2,"messageKeys":{}},"BRz6UnwAKGkRq3gZd33dv8K4IvmIpSHS0of/twDYTMY4":{"chainKey":{"counter":-1,"key":"LXg/JYScf8SFzt+Z/2Ij7NAY2USPbUsNqskc/U76WLs="},"chainType":1,"messageKeys":{}}}}},"version":"v1"}