{"_sessions":{"BaMK0CafeOOBwEO1WothrQ/tE0BNEsThDZUu4ac0tpdM":{"registrationId":462080558,"currentRatchet":{"ephemeralKeyPair":{"pubKey":"BcMDCQUz8hXa6LEa9Ju10wsucy8/QrXjVxC9kIwRigRh","privKey":"oMSLE4m+x8mSD7jTmfOjhU1aF4rP+bqvAC4OemE/6mE="},"lastRemoteEphemeralKey":"BdjkNRTs/JvRauLaQ+XVDfp6g/ZKdkXG/m6Nv4exvEt8","previousCounter":0,"rootKey":"rCSvP9vxMpelQZDZtZqgx4zOqqITqIG/APKRdohhUAo="},"indexInfo":{"baseKey":"BaMK0CafeOOBwEO1WothrQ/tE0BNEsThDZUu4ac0tpdM","baseKeyType":2,"closed":-1,"used":1687818561182,"created":1687818561182,"remoteIdentityKey":"BTgR3JSPzqyRFrQv6hqdIAOtf4Tdth/2Vo9YAIkgzY4Y"},"_chains":{"BdjkNRTs/JvRauLaQ+XVDfp6g/ZKdkXG/m6Nv4exvEt8":{"chainKey":{"counter":2,"key":"nbGwO5hu0r6A5nT66vDbhK9XVd+X/ryX0dRsmTEtZSY="},"chainType":2,"messageKeys":{}},"BcMDCQUz8hXa6LEa9Ju10wsucy8/QrXjVxC9kIwRigRh":{"chainKey":{"counter":-1,"key":"mo8iafB2coSJSlrHGkycdpXjWBx2NlicDuqu8DZvUH4="},"chainType":1,"messageKeys":{}}}}},"version":"v1"}