{"_sessions":{"BVyFPS4Cmpvn48yD24xLaPEb692gKa2LmYjJcb9hwOld":{"registrationId":1864800294,"currentRatchet":{"ephemeralKeyPair":{"pubKey":"BdbyL2TYQ8g2lF2rXi9zDcZmZ9mZORXI0ezukHaoC08A","privKey":"YOQ5A08sOFxP1a9IXWrhiKWvafsIqQPUyPz0UeadEFY="},"lastRemoteEphemeralKey":"BbJXWjCvPZ4gzrT8kS9ZtT0PFJx8h0H/sBA4W+l9fgUg","previousCounter":0,"rootKey":"d29Q6NCcDj/xlq+mk5sDIiGsalVO9y2pcd8uRbOYeO4="},"indexInfo":{"baseKey":"BVyFPS4Cmpvn48yD24xLaPEb692gKa2LmYjJcb9hwOld","baseKeyType":2,"closed":-1,"used":1687818568739,"created":1687818568739,"remoteIdentityKey":"Ba4Fii2s29RXiRkMKXLEqhejuD1ds3HdCfcMy+EW0Y1C"},"_chains":{"BbJXWjCvPZ4gzrT8kS9ZtT0PFJx8h0H/sBA4W+l9fgUg":{"chainKey":{"counter":0,"key":"4z020srHDXMUFupRTbz0ik6uCJ4A1an3gIoExU7vR7c="},"chainType":2,"messageKeys":{}},"BdbyL2TYQ8g2lF2rXi9zDcZmZ9mZORXI0ezukHaoC08A":{"chainKey":{"counter":-1,"key":"raBxlDF+4A3E4BX7Y7G748JPFQifl+ianMI2t9yCbfE="},"chainType":1,"messageKeys":{}}}}},"version":"v1"}