{"_sessions":{"BRxxuEl4UMZRB05ciTtykXcblFk0l37yp78g54yM3q8t":{"registrationId":1236251070,"currentRatchet":{"ephemeralKeyPair":{"pubKey":"BReKbjVecWo0RyZu4r3GZhVS9hdgtykLpJFD+DiLTCke","privKey":"+BgsfG+NqVrFzN65iTIicHxmWw4r3XtZdtwOliJFzWQ="},"lastRemoteEphemeralKey":"BbBsl+h7m+Ag5wHtXCY0xTOdizk7h2z3vCeZQr5zMeRH","previousCounter":0,"rootKey":"vojpaSfnYUMPFrOvXPdH2tpXZHxNfViTicXijmfN/Wo="},"indexInfo":{"baseKey":"BRxxuEl4UMZRB05ciTtykXcblFk0l37yp78g54yM3q8t","baseKeyType":2,"closed":-1,"used":1687884756084,"created":1687884756084,"remoteIdentityKey":"BarDSJl6ucHskPbyok7P5aQj41SSY7D5MHH19rUzWSM6"},"_chains":{"BbBsl+h7m+Ag5wHtXCY0xTOdizk7h2z3vCeZQr5zMeRH":{"chainKey":{"counter":0,"key":"xezGPFrixlBBYs7NZx2LmLtR2ErRzQQ5KCO9evaw32Q="},"chainType":2,"messageKeys":{}},"BReKbjVecWo0RyZu4r3GZhVS9hdgtykLpJFD+DiLTCke":{"chainKey":{"counter":-1,"key":"txdQ5bfuKccW93Ooqnc+gV0GbxnoeDo+rStJYmQMT/4="},"chainType":1,"messageKeys":{}}}}},"version":"v1"}