{"_sessions":{"BT9vejMQcpNQY//H3wOyrhG4VwkVeycmsx3iAPNipL4j":{"registrationId":1851120451,"currentRatchet":{"ephemeralKeyPair":{"pubKey":"BYNvR5pBjA3prjl8KQjoIiusa0udUdFY3hMQooLT1Ud4","privKey":"uFAM+VthopFpJCmiUik/TSOBj39sYqDetuXQNOLNOVE="},"lastRemoteEphemeralKey":"BaD5KRR5bIl+rLvi4Ge1lAqQ8leQ5UmvmC5sGa3SOL5K","previousCounter":0,"rootKey":"7RJgY1qmXH1eak5CYvgGp5R8c3Uws7pPDUDiVamROMw="},"indexInfo":{"baseKey":"BT9vejMQcpNQY//H3wOyrhG4VwkVeycmsx3iAPNipL4j","baseKeyType":2,"closed":-1,"used":1687825562812,"created":1687825562812,"remoteIdentityKey":"BYCYiHf2PSNp9ag9s/ufRX3cMwZJQ1KVax5/g/4AYB5n"},"_chains":{"BaD5KRR5bIl+rLvi4Ge1lAqQ8leQ5UmvmC5sGa3SOL5K":{"chainKey":{"counter":0,"key":"eS1DbgVcW+2D3zI/JmjxARgDkreNmjSQR9dUFwzJtOA="},"chainType":2,"messageKeys":{}},"BYNvR5pBjA3prjl8KQjoIiusa0udUdFY3hMQooLT1Ud4":{"chainKey":{"counter":-1,"key":"hPRDfoepqOlro4CkpXbDtxH975QgxZXuAGvj+K05ZL8="},"chainType":1,"messageKeys":{}}}}},"version":"v1"}