{"_sessions":{"BVUR1iWPeoyHmaN3xDoHFR8l4lUz1tYksiVjYkgJErgX":{"registrationId":578032467,"currentRatchet":{"ephemeralKeyPair":{"pubKey":"BRIZNHxebPuPeRv9uLsO2WbdRzhQSs1X9k1pOOKosOgX","privKey":"iGA1YlMsOfwWKWJVKxy8eaDZt749o8T+UkI6UtcgIGI="},"lastRemoteEphemeralKey":"BXPpNcxGfjVQ1K8eluPh+PiFs0sriqOD/yGXhAitiklH","previousCounter":0,"rootKey":"Y74Sx/q3KBt6nnIsvK0lmb9T1b27VDQVdT7MdW8DFxo="},"indexInfo":{"baseKey":"BVUR1iWPeoyHmaN3xDoHFR8l4lUz1tYksiVjYkgJErgX","baseKeyType":2,"closed":-1,"used":1687818565613,"created":1687818565613,"remoteIdentityKey":"BY9MET8TsAo9kW/8aCwjRa7eW/2x3De3O8Tke1yCV1ge"},"_chains":{"BXPpNcxGfjVQ1K8eluPh+PiFs0sriqOD/yGXhAitiklH":{"chainKey":{"counter":0,"key":"OJVvGuoEmYnP1RE4CX2R9os5wwMaUIax1wcXJpUz9fw="},"chainType":2,"messageKeys":{}},"BRIZNHxebPuPeRv9uLsO2WbdRzhQSs1X9k1pOOKosOgX":{"chainKey":{"counter":-1,"key":"RhvcvZkvgr9DvWtBV0PjOM4q/htZiNl78bR7QczhnBE="},"chainType":1,"messageKeys":{}}}}},"version":"v1"}