{"_sessions":{"BRQLDJGG5VmTcFKt7O3zjdd3ASxK/mG7evPa6PKL7Mxf":{"registrationId":155865492,"currentRatchet":{"ephemeralKeyPair":{"pubKey":"BTINscAPad7JYql2+DCvkR2CocMOxEV2hbCzojrpOAJB","privKey":"wBp2s7pvS2pmxpw+vVmAQJzU6667xA1f2oquOwXrAGo="},"lastRemoteEphemeralKey":"BWLSQQOny4B+Z6Mabk7vwV4U9dz6L7Cba2EngZlUF6Rl","previousCounter":0,"rootKey":"BNrrk0lJA+cfyc1TskfwXF7elB4VmUJAyoQrBNh46A8="},"indexInfo":{"baseKey":"BRQLDJGG5VmTcFKt7O3zjdd3ASxK/mG7evPa6PKL7Mxf","baseKeyType":2,"closed":-1,"used":1687877212638,"created":1687877212638,"remoteIdentityKey":"BQIpi+Fy87AOAUEUZB09yBiYGwcrptkXKkERzew3uINK"},"_chains":{"BWLSQQOny4B+Z6Mabk7vwV4U9dz6L7Cba2EngZlUF6Rl":{"chainKey":{"counter":0,"key":"LrF78kLx8yBhzCWH2yF1bQT/a5p5HiuFjPwPvpnttzA="},"chainType":2,"messageKeys":{}},"BTINscAPad7JYql2+DCvkR2CocMOxEV2hbCzojrpOAJB":{"chainKey":{"counter":-1,"key":"JGmHeUq4r/G5z75T/l/RcQNsLTbS6YbGQeo/jB48Ki4="},"chainType":1,"messageKeys":{}}}}},"version":"v1"}