{"_sessions":{"BW7V6/nFwMAp4q2JYgyUfqzvhGKOQvAkE/g88+yGqF1G":{"registrationId":1168778030,"currentRatchet":{"ephemeralKeyPair":{"pubKey":"BQ4++XfYg1cXnWFvFq6PGAMsICYZNM7Q6oskXa4vxC0b","privKey":"4KiAaf9b/qH6nOizTglc4CA66+uRG9KiwHFGQ1BK3nI="},"lastRemoteEphemeralKey":"BZU2wkVM6D3I1+xQyZySzB2t/a1/G9CtWD4M37DLG2Yo","previousCounter":1,"rootKey":"CR+A6f7NmHnaVXIewZhzbdtzsRiSPtYfcgM7wnEPwbY="},"indexInfo":{"baseKey":"BW7V6/nFwMAp4q2JYgyUfqzvhGKOQvAkE/g88+yGqF1G","baseKeyType":2,"closed":-1,"used":1687912451302,"created":1687829713513,"remoteIdentityKey":"BSTen5nMw8jifWM5Cz/Op0pzOL2LXQjpu12qZBwxTvV0"},"_chains":{"BXhqfvNWIEN9FLA6x3229xw0jjL1S3GbkVS8nge5zR5s":{"chainKey":{"counter":10},"chainType":2,"messageKeys":{}},"BSQSXWqO1+t3YKY+IcIzzA5TKjUJQgY7WDGK/L9/MrQ9":{"chainKey":{"counter":0},"chainType":2,"messageKeys":{}},"BewNRA3gBqk1rO9YiqmaM8q0p6H1eZaDHGxKLgWxjaxA":{"chainKey":{"counter":33},"chainType":2,"messageKeys":{}},"BSN5E2sZfqrLZ6VCBLbTxW+K8WL/TWY3xXBbqKntYal3":{"chainKey":{"counter":1},"chainType":2,"messageKeys":{}},"BWwrvjxYsIvLgfbptZ5apzEyXMw6E8aRL+wyVqX2+lFI":{"chainKey":{"counter":8},"chainType":2,"messageKeys":{}},"BW9WhfZzDWJXIFGNAkmnlf8sUNGItuvmACelMbbZtRNF":{"chainKey":{"counter":2},"chainType":2,"messageKeys":{}},"BZU2wkVM6D3I1+xQyZySzB2t/a1/G9CtWD4M37DLG2Yo":{"chainKey":{"counter":1,"key":"/x+DuiP/VrbuSkB+hndtIdz1+NeKd4Az+s7IJwBOO5E="},"chainType":2,"messageKeys":{}},"BQ4++XfYg1cXnWFvFq6PGAMsICYZNM7Q6oskXa4vxC0b":{"chainKey":{"counter":2,"key":"HS8vVb1wpW+3xJvVNgeIUE4FbvrRfuD3aAorFLWSjBw="},"chainType":1,"messageKeys":{}}}}},"version":"v1"}