{"_sessions":{"BSTq39Y7ki4QlQ/5opAyH/rP66RxRZ4J3rffEfT8eAh5":{"registrationId":263466571,"currentRatchet":{"ephemeralKeyPair":{"pubKey":"BT9EtWvazxU2I7CFH7UpbFLsYybtYBmvIBsSLf84PxUQ","privKey":"WLNkupk8frJUPX59xVCO0O/iGWjAONaBG6IeCI6w9n8="},"lastRemoteEphemeralKey":"BWl4fgj+SiM9x1Z4x44xj2mDYI76e65sj1lmLaGXep0M","previousCounter":0,"rootKey":"ruTISQawhUspi1LzuPTiVA8/TUmIZc8C5rSNl3GiRtQ="},"indexInfo":{"baseKey":"BSTq39Y7ki4QlQ/5opAyH/rP66RxRZ4J3rffEfT8eAh5","baseKeyType":2,"closed":-1,"used":1687823348539,"created":1687823348539,"remoteIdentityKey":"Ba5s8g/h2NrEnX1TUSdScXMlvOy7GTpHf2CEAVBr9cdp"},"_chains":{"BWl4fgj+SiM9x1Z4x44xj2mDYI76e65sj1lmLaGXep0M":{"chainKey":{"counter":0,"key":"Aua35BjNLurOzgPgIe+AgHRV77uhZI+XikcxxHFENFU="},"chainType":2,"messageKeys":{}},"BT9EtWvazxU2I7CFH7UpbFLsYybtYBmvIBsSLf84PxUQ":{"chainKey":{"counter":-1,"key":"0rY+fZPocnBuxtsdsQ+13ymOoUXHiPaj3Vtdmrxclww="},"chainType":1,"messageKeys":{}}}}},"version":"v1"}