{"_sessions":{"BWThzqm5EJuGSe9RJgEPkW/Te6iKBJ6Muk3prei0FsMV":{"registrationId":1295907957,"currentRatchet":{"ephemeralKeyPair":{"pubKey":"Bcwvs4L8RiTACsNAZXCIAjloMzn9Y9iQKkXDGEi4lqUK","privKey":"IFquPUn9i45ovbUR7duXfnfp6h93S59xjJ1qzRdFTW4="},"lastRemoteEphemeralKey":"Bb1vM7EvUqRC9R0KvQgfum2xpvNKXPnYCwUh3LFBKf8p","previousCounter":0,"rootKey":"V53oXmgEdvMufvsAm+BVBjBWGoqxZ/A2tG88/EJU2QY="},"indexInfo":{"baseKey":"BWThzqm5EJuGSe9RJgEPkW/Te6iKBJ6Muk3prei0FsMV","baseKeyType":2,"closed":-1,"used":1687818559129,"created":1687818559129,"remoteIdentityKey":"BdGous10IWCFfI2Rq97/QfgQB+7ebsIgzV5xrtKCa3pI"},"_chains":{"Bb1vM7EvUqRC9R0KvQgfum2xpvNKXPnYCwUh3LFBKf8p":{"chainKey":{"counter":29,"key":"70uqpE7+IMIgDdJI9Gv4/Manu0RJS6I1pcYkghvhhrs="},"chainType":2,"messageKeys":{}},"Bcwvs4L8RiTACsNAZXCIAjloMzn9Y9iQKkXDGEi4lqUK":{"chainKey":{"counter":-1,"key":"shW5z328DOE6FXL+oT2VyR3eSjOMqxySRSpoSasKJc8="},"chainType":1,"messageKeys":{}}}}},"version":"v1"}