{"_sessions":{"BbCu3ViHZIh5p6640g8lKJqP2AVmqUfEKnTT7GUM9EpH":{"registrationId":1536326117,"currentRatchet":{"ephemeralKeyPair":{"pubKey":"BYATP3BwY3HT7RGjsI8PjAH71HCfmHCW6vmS9RhlgRF2","privKey":"OCvT/DGdms6darmX+M1Ufmg7PehNgTbEcXnJbTGC5Gc="},"lastRemoteEphemeralKey":"BXmwB05ESDNbo5u/vyI6Dy0jbUBWxffmCudvBqDFPB0Y","previousCounter":0,"rootKey":"xyWnmByqyR8+vPW6KXc8ertssNE1pqMZS6E7sgXOmK0="},"indexInfo":{"baseKey":"BbCu3ViHZIh5p6640g8lKJqP2AVmqUfEKnTT7GUM9EpH","baseKeyType":2,"closed":-1,"used":1687829714966,"created":1687829714966,"remoteIdentityKey":"BQjOnvyp/kTbX0fhq0/h0nTeUcGyi71TsCZnIJGaBjpo"},"_chains":{"BXmwB05ESDNbo5u/vyI6Dy0jbUBWxffmCudvBqDFPB0Y":{"chainKey":{"counter":1,"key":"HZLdiJh1xQLtpxKHHLT6jY/dRiORM7iXGYp8pR1V4YU="},"chainType":2,"messageKeys":{}},"BYATP3BwY3HT7RGjsI8PjAH71HCfmHCW6vmS9RhlgRF2":{"chainKey":{"counter":1,"key":"wvJ06rrMe2MFJLkN/8awe+FJTTHAv4MsG9W+NlF+vW8="},"chainType":1,"messageKeys":{}}}}},"version":"v1"}