{"_sessions":{"BbvVK20EDd6ch8NVPHxV5YE44E5GOHyDO2O+4OqLg7Aq":{"registrationId":1657186556,"currentRatchet":{"ephemeralKeyPair":{"pubKey":"BVAso315uAzyrvBAEd7sFmPLu0M5I01bNXbVjkDMfEJd","privKey":"cPlxlRjPhmyeJvof1kLp6z6TxR4szEGx9zfkIvHBDG0="},"lastRemoteEphemeralKey":"BUbZr9naOJW6cuEpuausF8DBlRr9GPb4UD1mnSS00vZA","previousCounter":0,"rootKey":"Y2YL2ms6pcwidNvK8VoMAAjp7Ft5S0PMt9rE4IGbLqQ="},"indexInfo":{"baseKey":"BbvVK20EDd6ch8NVPHxV5YE44E5GOHyDO2O+4OqLg7Aq","baseKeyType":2,"closed":-1,"used":1687819892592,"created":1687819892592,"remoteIdentityKey":"BSdy16ZB78R09VmYEcNz5FefQY1m8oh7GPGdh9eAJktZ"},"_chains":{"BUbZr9naOJW6cuEpuausF8DBlRr9GPb4UD1mnSS00vZA":{"chainKey":{"counter":0,"key":"ny4b+t2nXarydNwHz8A5gk8jTHG9Hq+Y+W90CyXU8SU="},"chainType":2,"messageKeys":{}},"BVAso315uAzyrvBAEd7sFmPLu0M5I01bNXbVjkDMfEJd":{"chainKey":{"counter":-1,"key":"I3RVsgpKOW7jqT1gfWG2jVxQvxZcw9naxytBshRbmeI="},"chainType":1,"messageKeys":{}}}}},"version":"v1"}