{"_sessions":{"BX+aCyKRyE/tRFHfgSPEa4dWzy0yASHnLYhzsfW0W54e":{"registrationId":304163431,"currentRatchet":{"ephemeralKeyPair":{"pubKey":"BcXkHejTkLySQfVVJhTOBwQdZ3ebNR3Da31LRBf5YncI","privKey":"cIaIjhml/lbwKWDZbo3qzuOlFCPAhSQ2UXg9cLW4MH4="},"lastRemoteEphemeralKey":"Bf+QkMitYTtsv0C4KEbabJuviEIX1HncH35Q8PRErHw8","previousCounter":0,"rootKey":"aLnwm5g5ayM0FCVUhvIc0tkXrCdSSJYbsiIK6eeYAM0="},"indexInfo":{"baseKey":"BX+aCyKRyE/tRFHfgSPEa4dWzy0yASHnLYhzsfW0W54e","baseKeyType":2,"closed":-1,"used":1687818559359,"created":1687818559359,"remoteIdentityKey":"BYQ5IOiSHS52W97DlNs3gbgwtP7PSZ2V5ZBG05h+ctlh"},"_chains":{"Bf+QkMitYTtsv0C4KEbabJuviEIX1HncH35Q8PRErHw8":{"chainKey":{"counter":2,"key":"cJFRA/6hAeVhw5ld4zW5RxCpznkY0R9PV2r3fYNLEcI="},"chainType":2,"messageKeys":{}},"BcXkHejTkLySQfVVJhTOBwQdZ3ebNR3Da31LRBf5YncI":{"chainKey":{"counter":-1,"key":"UwUxwoN+3z9GGQeDjmBzCfb5uslkEK5cLyR10GtcLe4="},"chainType":1,"messageKeys":{}}}}},"version":"v1"}