{"_sessions":{"BTIzKx9sP7Lii/b6wvcePDE74fEX5FawJKhprhHySWAn":{"registrationId":1762520510,"currentRatchet":{"ephemeralKeyPair":{"pubKey":"BQl0pjFsG6n45RWh2nUGmrDIVSbR4Bx5o2AKJE9uC1sz","privKey":"iJ5bM02qURznmF+GBfeqCAeZ1Y5oQg+SxsebFzu8w2k="},"lastRemoteEphemeralKey":"BdcOZjMqxl6W30E9jO1kFcOCJ9G38wmtOP7nKaUFw48x","previousCounter":0,"rootKey":"zlGx5ZXmjHSBxar/TajnpfmDmLVwWD95sOizqiw3U9U="},"indexInfo":{"baseKey":"BTIzKx9sP7Lii/b6wvcePDE74fEX5FawJKhprhHySWAn","baseKeyType":2,"closed":-1,"used":1687818558712,"created":1687818558712,"remoteIdentityKey":"Bfe8OwZUo5L591g603XXdfFk8nOMgKEXB5ViyIuosvgY"},"_chains":{"BdcOZjMqxl6W30E9jO1kFcOCJ9G38wmtOP7nKaUFw48x":{"chainKey":{"counter":10,"key":"6CaZuSWwN4hlLoSFCHU74uF9/bmmnwTFPOGpGaj7mqE="},"chainType":2,"messageKeys":{}},"BQl0pjFsG6n45RWh2nUGmrDIVSbR4Bx5o2AKJE9uC1sz":{"chainKey":{"counter":-1,"key":"K3m6DFXgYKqZE1UR89LGCmGG17UJGUF87Xd2CHXLAkg="},"chainType":1,"messageKeys":{}}}}},"version":"v1"}