{"_sessions":{"BdvBXMB/zsaC4+dPJscjLzzQnDvFazTBR7thgPQYS1Ib":{"registrationId":1476273639,"currentRatchet":{"ephemeralKeyPair":{"pubKey":"BW6j4tWtA4NhyNQRRQ/o0eW6QpeeqV48YPEDt5Wa/txT","privKey":"mPNvSwfbAi/uRJHNDelL2q6pPTw8ropH2l0KZJyc7X0="},"lastRemoteEphemeralKey":"BR59kkpktFVDX6Q5DeV4dIBQ6TD4iggunJpHDSCvvvpq","previousCounter":0,"rootKey":"UKU25Ubhy24Sdo5B1KCSJ7v50f/DFyYuFsijoMoylE0="},"indexInfo":{"baseKey":"BdvBXMB/zsaC4+dPJscjLzzQnDvFazTBR7thgPQYS1Ib","baseKeyType":2,"closed":-1,"used":1687819635891,"created":1687819635891,"remoteIdentityKey":"BekGVSVUXkjLDjnRwBnR9eXcaMKp1IsRmlvGE/AjFINE"},"_chains":{"BR59kkpktFVDX6Q5DeV4dIBQ6TD4iggunJpHDSCvvvpq":{"chainKey":{"counter":0,"key":"i5MXsubSgemuV3ZeRwmunXiREztLNaSmFkA00cglw+o="},"chainType":2,"messageKeys":{}},"BW6j4tWtA4NhyNQRRQ/o0eW6QpeeqV48YPEDt5Wa/txT":{"chainKey":{"counter":-1,"key":"gZ+OqUzRL89C5aDvqB7UVioIc2I2vIIkE68+/Ogw40g="},"chainType":1,"messageKeys":{}}}}},"version":"v1"}