{"_sessions":{"BUZcSnSNXobsNzGrzLlIeC5onhjfX1ndfEjFDoypuj5c":{"registrationId":626706428,"currentRatchet":{"ephemeralKeyPair":{"pubKey":"BRxQnfOzKfHIqRSUl1vo6/6IN0+XxlC4f9JhkRfSaMBG","privKey":"SJyw42Ai0MoRF+HTu2UtcGfBIcNlThy1g58zueKAG1w="},"lastRemoteEphemeralKey":"BaIWeQRguIZFA4iy1k6VdB+23gY8dCJfAjh039/emvEx","previousCounter":1,"rootKey":"M/162F36GLYPJt6SRbAXJeS7Y1eKr+douMTKZ8zonLQ="},"indexInfo":{"baseKey":"BUZcSnSNXobsNzGrzLlIeC5onhjfX1ndfEjFDoypuj5c","baseKeyType":2,"closed":-1,"used":1687912769422,"created":1687802695019,"remoteIdentityKey":"BQNXm5m4VwElSyO5vBpgjcp0H84Qa37lIGTJazZze8we"},"_chains":{"BRXyOUeI3NZDh/G9FZBnCF0re9jFU88cH0JHYXEhMDN7":{"chainKey":{"counter":8},"chainType":2,"messageKeys":{"8":"8BUOj35vApODixKXvyaOo0zSYilJwRlmoXh27EEUhQE="}},"BbT0ZLUW4Y5cPrOXdtxlBbTuV8J8Ir6TE7HNWQYjdKQw":{"chainKey":{"counter":0},"chainType":2,"messageKeys":{}},"BQ7DTLCYgVRdh2IkTUbdUh29cPJjxMwnz49UJmUsIhQZ":{"chainKey":{"counter":0},"chainType":2,"messageKeys":{}},"BV03ixb0R/kI3IjsTI9HOxuTV1C5ELLsq+qafI5KfQcm":{"chainKey":{"counter":0},"chainType":2,"messageKeys":{}},"BRX01toFjkiQi/6lXi5AbMxaB6F4CrxG8IeKwnO1bdoi":{"chainKey":{"counter":138},"chainType":2,"messageKeys":{}},"BZsl5drJXYFDEiR5FrBOJ2U/FYPJwBiAggTZOZL69ZR8":{"chainKey":{"counter":6},"chainType":2,"messageKeys":{}},"BfxxnjfPNPMTXCuwf2nVhi0YwOw6nb5v9nZVrYe67VQW":{"chainKey":{"counter":6},"chainType":2,"messageKeys":{}},"Bb1IZC7aKNg7dApWl2SSGk7ALsI98PKRp4Fud7L+bqtb":{"chainKey":{"counter":0},"chainType":2,"messageKeys":{}},"BeyBLnbRodRuLQgtLK4qxHwFYHcKkzljF4Vpd2krGIJz":{"chainKey":{"counter":2},"chainType":2,"messageKeys":{}},"BUjjekGGUx7Dtdy1fWbtHCquVQJ1caLmXONY9moDr11U":{"chainKey":{"counter":1},"chainType":2,"messageKeys":{}},"BQO94qiDOHFespoFuDh+b+iAmKN8fu8RRRx9SE58V8xf":{"chainKey":{"counter":19},"chainType":2,"messageKeys":{}},"BTU6e4ZXDZ/4k6suDrcKpcpdGt2hr9YtRG0RicFSFrwj":{"chainKey":{"counter":0},"chainType":2,"messageKeys":{}},"BaVfnHZ6+TPwmyq3uGhfr991erZ6mOnT1XvcbnHLUZwR":{"chainKey":{"counter":94},"chainType":2,"messageKeys":{}},"BWKzwqyRyGnzmGkBYT8oS77rZU1+uUFCGfqBItes/gZt":{"chainKey":{"counter":3},"chainType":2,"messageKeys":{}},"BZ103fUs6rPSJPfBy73gTqK/RC3MdLS6QTKh2m/GBgpa":{"chainKey":{"counter":0},"chainType":2,"messageKeys":{}},"BdlVsGO8ndMx2sIkIP+Krqy++ML8w0lCnl9xDDe9569d":{"chainKey":{"counter":0},"chainType":2,"messageKeys":{}},"BTVWe+jaylk83SrjytaVUEC68+r2u8GuCHUQf+ta7ohH":{"chainKey":{"counter":0},"chainType":2,"messageKeys":{}},"BVRSs3Wsip7JBeEGatyFxHpAFBxdUhkdMxJnmm6MTGga":{"chainKey":{"counter":4},"chainType":2,"messageKeys":{}},"BWln9G+2S6RKwBfVrzzoP46JeU/ST5a8c/29PWHVNv4H":{"chainKey":{"counter":0},"chainType":2,"messageKeys":{}},"BeCdYaQgS2Cz5tdzWNnpwt8luMJx1Oyud6IqvGJ5V91Y":{"chainKey":{"counter":0},"chainType":2,"messageKeys":{}},"BdXDmal7EAGgQlNA4a379LL+LtY9sC/YYRyxKVF4mwgk":{"chainKey":{"counter":0},"chainType":2,"messageKeys":{}},"BazxB92naMsRlk6mSsGCOIwNbMEo+BG5yfFflHnnD99T":{"chainKey":{"counter":0},"chainType":2,"messageKeys":{}},"BZ6LWfS8URgu+i+IXyAGdqDf0I58dN4FNdtuS8J86w0Q":{"chainKey":{"counter":0},"chainType":2,"messageKeys":{}},"BURy1JHWkO2q694YeLcVhhFHmDQLII251gxZuUpL+rYV":{"chainKey":{"counter":0},"chainType":2,"messageKeys":{}},"BTOlUSjHEtTEVMsc3pJOBxPnhuB/u984lA6AoaemvS9y":{"chainKey":{"counter":0},"chainType":2,"messageKeys":{}},"Ba0F+DwIVxgNdYAQid2SIXqKwem/vCkjeBc007v+giV2":{"chainKey":{"counter":22},"chainType":2,"messageKeys":{}},"BT9BBVVisSwPUE0n7oEmbiFR13fu5TNLW+FM3qRI9Ndf":{"chainKey":{"counter":1},"chainType":2,"messageKeys":{}},"BQq1mFPNVneWN7XdFQNnRKLWriHKHvpvm/pJBiHzu5g1":{"chainKey":{"counter":75},"chainType":2,"messageKeys":{}},"BfMkTcz2jI04VbSkePYzG0RF066eRVBeU0yr1OcRym0j":{"chainKey":{"counter":0},"chainType":2,"messageKeys":{}},"BeHy/moI5TxgzGPW78uWzrxX7q2AsbofMoy0FWc2Zahd":{"chainKey":{"counter":3},"chainType":2,"messageKeys":{}},"Bd7lstPA2gKm//Y+5g6jRbmkxFmmMYizAMtNBYoj6DJs":{"chainKey":{"counter":0},"chainType":2,"messageKeys":{}},"BVAlWWhjbh1BBmWs3cnydxHOCNm/5xuKlfrYg0CSxEIQ":{"chainKey":{"counter":0},"chainType":2,"messageKeys":{}},"BbP3W85/cVkzCFUBLvUWok8RusvfiGcAgFuPWaaX8ZYP":{"chainKey":{"counter":5},"chainType":2,"messageKeys":{}},"Bcb2WUDQiS6xL/Ei4qwKHYiOuYRK37/1f24qjOEsjmpe":{"chainKey":{"counter":0},"chainType":2,"messageKeys":{}},"BZvhZrNW16+xI2ZJHSSebYrT68qjD8X/34GkOA0OKPwF":{"chainKey":{"counter":15},"chainType":2,"messageKeys":{}},"BRVixhEOEQYuzXNfPL4m731IN16A+NMDIbAMnTBHYXUa":{"chainKey":{"counter":6},"chainType":2,"messageKeys":{}},"BSlwSQnDs7R6y1+Qlc2Eqv4UiZWrdJNdE+ntL4/IJ0Q4":{"chainKey":{"counter":4},"chainType":2,"messageKeys":{}},"BaIWeQRguIZFA4iy1k6VdB+23gY8dCJfAjh039/emvEx":{"chainKey":{"counter":2,"key":"lwckvBy6bfUo6Kw3G8nX5HAItc6s5QnGS/bxm1z6AKk="},"chainType":2,"messageKeys":{}},"BRxQnfOzKfHIqRSUl1vo6/6IN0+XxlC4f9JhkRfSaMBG":{"chainKey":{"counter":-1,"key":"FZwD/h3KgYOyTobM72OmAPyarpNZ7CaKpFdD4fi+YlM="},"chainType":1,"messageKeys":{}}}}},"version":"v1"}