{"_sessions":{"BZNczGlDaEq06LNdBaBPgtYlDMYy//9kv/kxceTdClVk":{"registrationId":358039221,"currentRatchet":{"ephemeralKeyPair":{"pubKey":"BaNX+eShCiyz6QJtYJVaoEznrXW2dNJYpl98iW7k6Ttr","privKey":"qNc4hlO+I64WDb4GMbqxOp/albYRKjMb5e7oC8ENDk0="},"lastRemoteEphemeralKey":"BZW1SoJcPRWigQoThdWVj4Az6C1eEtJCCueOXOjQ7BJu","previousCounter":0,"rootKey":"Gp3QsamfTNjFxPX+dG+nlLkDTlsBx1VzSip/ARr9s44="},"indexInfo":{"baseKey":"BZNczGlDaEq06LNdBaBPgtYlDMYy//9kv/kxceTdClVk","baseKeyType":2,"closed":-1,"used":1687818559524,"created":1687818559524,"remoteIdentityKey":"BS1eCshIhHkqGC97o74xLCH/h2Qk6L/KLtB1jiFcM0FF"},"_chains":{"BZW1SoJcPRWigQoThdWVj4Az6C1eEtJCCueOXOjQ7BJu":{"chainKey":{"counter":4,"key":"ux5ecMOk8VN2GjX//pdWoU2z0uBFWaKOGyjBn3e50Sw="},"chainType":2,"messageKeys":{}},"BaNX+eShCiyz6QJtYJVaoEznrXW2dNJYpl98iW7k6Ttr":{"chainKey":{"counter":-1,"key":"ZO/Auv80fTC3x58GdB624UTRI6V79CTU+vskM3uK+v4="},"chainType":1,"messageKeys":{}}}}},"version":"v1"}