{"_sessions":{"BXJuo86kmBHim3ZbjOKopZGucEcXyVekkn3u6g7fsB0r":{"registrationId":1212408365,"currentRatchet":{"ephemeralKeyPair":{"pubKey":"BWzaPNUn48xlSk/1b05Dmheb0blcVo0Xrr592X4kF+VA","privKey":"IAOwYopDjon2TYXzNb6ZKNbGpcizlkyuwZTUdVZmJ3A="},"lastRemoteEphemeralKey":"BbIDMmzFxnzU1Jh05hwT6izhEhnEoWTioq0vucQHEg0g","previousCounter":0,"rootKey":"74rVsBbD/C5oLiZ22dwUKwohN2CkCjgQukRza1fenzY="},"indexInfo":{"baseKey":"BXJuo86kmBHim3ZbjOKopZGucEcXyVekkn3u6g7fsB0r","baseKeyType":2,"closed":-1,"used":1687877212347,"created":1687877212347,"remoteIdentityKey":"BSHKXjm2q8xfrJjs59LDZPcQk8T1ajctzQFOxqUbojFM"},"_chains":{"BbIDMmzFxnzU1Jh05hwT6izhEhnEoWTioq0vucQHEg0g":{"chainKey":{"counter":0,"key":"b+rGIw9LrfcLCK1W0yvJwnuhWKMJhuW+r2nb/MImEWI="},"chainType":2,"messageKeys":{}},"BWzaPNUn48xlSk/1b05Dmheb0blcVo0Xrr592X4kF+VA":{"chainKey":{"counter":-1,"key":"2k9vGESNEYFIq9HsTyonEhySXnXbrTQVQ4SBDfBRqjw="},"chainType":1,"messageKeys":{}}}}},"version":"v1"}