{"_sessions":{"BXFVd5iPQejvxovEMrajcZfFvvzgz4JokQpiaqAyYcdq":{"registrationId":1336551950,"currentRatchet":{"ephemeralKeyPair":{"pubKey":"BXOyQLFmA87X1ABXfyp77chtbD7vkwMCSv45BbYwqHZd","privKey":"6KtW0TtnNhZXb8FU1sX0CW/gLLXeQTrKSYIkg4zgimk="},"lastRemoteEphemeralKey":"BdDONS8NN5UCC9z++cDvGmL2CVPzxLBWXSy/7ClB6OFW","previousCounter":0,"rootKey":"9WW8mKg1H1vd+2UnYVn3E6VGOIRTkGTBvPQcjqtsWXE="},"indexInfo":{"baseKey":"BXFVd5iPQejvxovEMrajcZfFvvzgz4JokQpiaqAyYcdq","baseKeyType":2,"closed":-1,"used":1687823349618,"created":1687823349618,"remoteIdentityKey":"BSQsfbgqGwFLeUtigxo4JMcjWmbZIG3cnYk08nLRd2xs"},"_chains":{"BdDONS8NN5UCC9z++cDvGmL2CVPzxLBWXSy/7ClB6OFW":{"chainKey":{"counter":0,"key":"znIJNSeI8R+tp3Ib+d4Hp8VUj+a0FjgPkoF4puRnxsE="},"chainType":2,"messageKeys":{}},"BXOyQLFmA87X1ABXfyp77chtbD7vkwMCSv45BbYwqHZd":{"chainKey":{"counter":-1,"key":"ftVLUOXejZV3eGrGm4piVFEhHyezq7ZTvHYw5wQx6Rs="},"chainType":1,"messageKeys":{}}}}},"version":"v1"}