{"_sessions":{"BYe7Nu5KwdoY/vjjZkoxcGibPz5Vc3DI9brvy3Wr/TQB":{"registrationId":389784213,"currentRatchet":{"ephemeralKeyPair":{"pubKey":"BWOcG0OHpgoKd3AQ78VZrxcBPjaXg56N+YdizN090QYP","privKey":"cAZkZ9TGb+mUGcqqH6BtNJqI3sg1KccU0VtW8X/wOHo="},"lastRemoteEphemeralKey":"BYHWGd1HmQluwig4TRqyI+Pq47tznCNVn3EML9pAfq5T","previousCounter":0,"rootKey":"peYSka2TB+6s4q8zWB7AaaQj/mW4Fs6jMSpW6OooFvE="},"indexInfo":{"baseKey":"BYe7Nu5KwdoY/vjjZkoxcGibPz5Vc3DI9brvy3Wr/TQB","baseKeyType":2,"closed":-1,"used":1687820106347,"created":1687820106347,"remoteIdentityKey":"BX32Jxc7vXtC/zb8CcQv54W3xaoC752VVL1GPQxzUz4J"},"_chains":{"BYHWGd1HmQluwig4TRqyI+Pq47tznCNVn3EML9pAfq5T":{"chainKey":{"counter":1,"key":"TIV+TBPB5HqZp88v9qllANITZ1lXFSwgtVhPtMhHnus="},"chainType":2,"messageKeys":{}},"BWOcG0OHpgoKd3AQ78VZrxcBPjaXg56N+YdizN090QYP":{"chainKey":{"counter":-1,"key":"pjfF8YMgLSoIYhI6ZnNABjXU5iqbMTCruQuDv6hzoPk="},"chainType":1,"messageKeys":{}}}}},"version":"v1"}