{"_sessions":{"Bde0KwcEoUr+edCAWqhXIisScmNrIVT04RIdukmsdYwx":{"registrationId":123492412,"currentRatchet":{"ephemeralKeyPair":{"pubKey":"BXjbVmMj0xz5m5wOb1zPrxG8twa3FCW5JmmzVgraEZ0e","privKey":"0NUj9PjoE6u35zbLZ7ngBnoCtSmytcmcsYGIuxAiEWg="},"lastRemoteEphemeralKey":"BRoIwReWSEbf+rTgatfsvXU3m0voNWS2klUUd7zCZqdb","previousCounter":0,"rootKey":"NHLqWNpb272zQk6DeUOxLAc31378KBsoWidHo4Lihc0="},"indexInfo":{"baseKey":"Bde0KwcEoUr+edCAWqhXIisScmNrIVT04RIdukmsdYwx","baseKeyType":2,"closed":-1,"used":1687823349731,"created":1687823349731,"remoteIdentityKey":"Bbh6hzGQ62jqlLuTlxctBjJ+uAhe6CWHMsR7XbHpNp4i"},"_chains":{"BRoIwReWSEbf+rTgatfsvXU3m0voNWS2klUUd7zCZqdb":{"chainKey":{"counter":0,"key":"ObFOzBAeztQsZXYqrJMNiWx6Q28Z2RD3PmuO5DfgpnM="},"chainType":2,"messageKeys":{}},"BXjbVmMj0xz5m5wOb1zPrxG8twa3FCW5JmmzVgraEZ0e":{"chainKey":{"counter":-1,"key":"IOTs8a0XR0sTrpSBi7cf6ZU3wunros3TYSXPWc4E0AM="},"chainType":1,"messageKeys":{}}}}},"version":"v1"}