{"_sessions":{"BS1sa8XN4l0JAossdAAgFrvN4Ee4Z8vJ40pbSXcTA790":{"registrationId":277144087,"currentRatchet":{"ephemeralKeyPair":{"pubKey":"BRVMM22uSj/ic9+iEhdwdVQc6FT0+gHkRF3K6LJMzZl9","privKey":"QNvlx8rbS+PFDqmY3HxHXGLPc0Un3tGIA4yufgMOoEw="},"lastRemoteEphemeralKey":"BSasGJuIqu+H4ggHvtO1m/WUR+jBuCXkEVEOCc4qon1q","previousCounter":0,"rootKey":"A/+svmOvnuU58ekzy5OLwhUFdMhiYjOzP/g0opbSvBQ="},"indexInfo":{"baseKey":"BS1sa8XN4l0JAossdAAgFrvN4Ee4Z8vJ40pbSXcTA790","baseKeyType":2,"closed":-1,"used":1687877213582,"created":1687877213582,"remoteIdentityKey":"BUQGZhzg/trQE10uMkS3azydDzzoKV1PCJjF0PmIZQ9o"},"_chains":{"BSasGJuIqu+H4ggHvtO1m/WUR+jBuCXkEVEOCc4qon1q":{"chainKey":{"counter":0,"key":"X/mMLaJgUos2c+jyMItbV38Fwazq2/RqROg6Vts2cbw="},"chainType":2,"messageKeys":{}},"BRVMM22uSj/ic9+iEhdwdVQc6FT0+gHkRF3K6LJMzZl9":{"chainKey":{"counter":-1,"key":"BSflK2s0IjhInSJ+VouAXiRDaB9uCPUk+7fUthPIo3Y="},"chainType":1,"messageKeys":{}}}}},"version":"v1"}