{"_sessions":{"BSNrs4fC3Xz7uamiSpv0cq7qaO8y8efPBgUFOORIDsVH":{"registrationId":1283406161,"currentRatchet":{"ephemeralKeyPair":{"pubKey":"BejL1FORHNxRKlFIg9cPeudLHpuYOgdBzi8nxFq0HuZS","privKey":"cBtH2IXi6urDCHu9sq1W8q2sa+vZY2YX8KA/sRfQ3mo="},"lastRemoteEphemeralKey":"BTubsSVuVWvuvRpuP716fNM8Y/5TcoRUsNqfp/7kkaIu","previousCounter":0,"rootKey":"lkAJNfTj7ena0jgAF/QFlwiV9BUtauittRleyXH6mGo="},"indexInfo":{"baseKey":"BSNrs4fC3Xz7uamiSpv0cq7qaO8y8efPBgUFOORIDsVH","baseKeyType":2,"closed":-1,"used":1687901721463,"created":1687901721463,"remoteIdentityKey":"BT59EEg2bBIzZ4Uzt636SvXU3n0zegMQQpQTp1OARlsf"},"_chains":{"BTubsSVuVWvuvRpuP716fNM8Y/5TcoRUsNqfp/7kkaIu":{"chainKey":{"counter":18,"key":"Set/6r2uGOu0GHTCPoJjHIFG1aCLH++nfBkFJjgi+rg="},"chainType":2,"messageKeys":{}},"BejL1FORHNxRKlFIg9cPeudLHpuYOgdBzi8nxFq0HuZS":{"chainKey":{"counter":-1,"key":"eSaTSdZgHM1Hn3D7wD9ysgjbeYhMxQuntUCLU3CPG/M="},"chainType":1,"messageKeys":{}}}}},"version":"v1"}